"subid","run","trial_number","block_type","congruence","trial_type","RT"
506,1,1,1,NA,2,0
506,1,2,1,NA,2,1.43566584587097
506,1,3,1,NA,2,0
506,1,4,1,NA,1,1.29227423667908
506,1,5,1,NA,2,0
506,1,6,1,NA,1,1.24437355995178
506,1,7,1,NA,2,0.695864200592041
506,1,8,1,NA,2,1.06832456588745
506,1,9,1,NA,2,0
506,1,10,1,NA,2,1.33288311958313
506,1,11,1,NA,1,0.968070268630981
506,1,12,1,NA,1,1.27864670753479
506,1,13,1,NA,2,1.18256521224976
506,1,14,1,NA,1,0
506,1,15,1,NA,2,0.99839973449707
506,1,16,1,NA,1,1.13012862205505
506,1,17,1,NA,2,1.19801044464111
506,1,18,1,NA,2,0
506,1,19,1,NA,2,1.01001811027527
506,1,20,1,NA,2,0.933194637298584
506,1,21,1,NA,2,1.42080426216125
506,1,22,1,NA,2,1.4574339389801
506,1,23,1,NA,1,0.941441059112549
506,1,24,1,NA,2,1.30477833747864
506,1,25,1,NA,2,0.981588125228882
506,1,26,1,NA,2,0.929610252380371
506,1,27,1,NA,1,1.50942969322205
506,1,28,1,NA,2,1.24176335334778
506,1,29,1,NA,2,1.42464423179626
506,1,30,1,NA,2,1.26484394073486
506,1,31,1,NA,2,1.77215838432312
506,1,32,1,NA,2,1.26693034172058
506,1,33,1,NA,2,0
506,1,34,1,NA,2,1.13192343711853
506,1,35,1,NA,2,0
506,1,36,1,NA,1,1.319411277771
506,1,37,1,NA,1,1.25105333328247
506,1,38,1,NA,2,1.15811681747437
506,1,39,1,NA,2,1.00605535507202
506,1,40,1,NA,2,0.978673696517944
506,1,41,1,NA,2,1.26533031463623
506,1,42,1,NA,2,1.01394152641296
506,1,43,1,NA,2,1.32165360450745
506,1,44,1,NA,2,0
506,1,45,1,NA,2,0
506,1,46,1,NA,2,0.90606427192688
506,1,47,1,NA,2,1.24672627449036
506,1,48,1,NA,2,1.09422659873962
506,1,49,1,NA,2,0.858908414840698
506,1,50,1,NA,2,1.07154655456543
506,1,51,1,NA,2,1.02699184417725
506,1,52,1,NA,1,0
506,1,53,1,NA,2,1.00750255584717
506,1,54,1,NA,2,0.931983470916748
506,1,55,1,NA,2,1.93543100357056
506,1,56,1,NA,2,1.5669322013855
506,1,57,1,NA,2,1.41964626312256
506,1,58,1,NA,2,1.2156035900116
506,1,59,1,NA,1,1.25606417655945
506,1,60,1,NA,2,0.875970602035522
506,2,1,1,1,2,1.40893626213074
506,2,2,1,1,2,1.20558619499207
506,2,3,1,1,2,1.17705512046814
506,2,4,1,1,2,1.35762310028076
506,2,5,1,1,1,0.993080377578735
506,2,6,1,1,2,0.916520357131958
506,2,7,1,1,2,1.2717022895813
506,2,8,1,1,2,0.876190185546875
506,2,9,1,1,2,1.34343719482422
506,2,10,1,1,2,0.994865417480469
506,2,11,1,1,2,1.09468531608582
506,2,12,1,1,2,0
506,2,13,1,1,1,1.33490324020386
506,2,14,1,1,2,0
506,2,15,1,1,2,1.03947639465332
506,2,16,1,1,2,1.22845339775085
506,2,17,1,1,1,1.67223072052002
506,2,18,1,1,2,1.10210943222046
506,2,19,1,1,2,0.982282638549805
506,2,20,1,1,1,1.53792214393616
506,2,21,1,1,2,1.30927276611328
506,2,22,1,1,1,1.11953663825989
506,2,23,1,1,2,1.41935300827026
506,2,24,1,1,2,1.10341811180115
506,2,25,1,1,1,1.68278503417969
506,2,26,1,1,2,0
506,2,27,1,1,1,0.890093088150024
506,2,28,1,1,2,0.877527236938477
506,2,29,1,1,2,1.01718950271606
506,2,30,1,1,2,1.22902035713196
506,2,31,1,1,2,1.5065062046051
506,2,32,1,1,2,1.16566824913025
506,2,33,1,1,2,1.82818651199341
506,2,34,1,1,2,0.935672521591187
506,2,35,1,1,2,1.04343056678772
506,2,36,1,1,2,1.34308266639709
506,2,37,1,1,1,1.59512901306152
506,2,38,1,1,2,1.71916723251343
506,2,39,1,1,2,1.26767563819885
506,2,40,1,1,2,1.23263216018677
506,2,41,1,1,2,1.67732691764832
506,2,42,1,1,2,1.25602054595947
506,2,43,1,1,2,1.20460939407349
506,2,44,1,1,1,0.936543703079224
506,2,45,1,1,2,1.42146015167236
506,2,46,1,1,2,1.12136054039001
506,2,47,1,1,2,0.982033729553223
506,2,48,1,1,2,1.31050443649292
506,2,49,1,1,2,1.18618369102478
506,2,50,1,1,2,0
506,2,51,1,1,2,0
506,2,52,1,1,2,1.3437032699585
506,2,53,1,1,1,1.22770071029663
506,2,54,1,1,2,0.983781099319458
506,2,55,1,1,1,1.94846963882446
506,2,56,1,1,2,1.00189542770386
506,2,57,1,1,2,1.43733763694763
506,2,58,1,1,1,1.74596548080444
506,2,59,1,1,2,0.918585777282715
506,2,60,1,1,2,1.2656512260437
506,3,1,1,NA,2,1.43560123443604
506,3,2,1,NA,1,0.863653421401978
506,3,3,1,NA,1,0.63573431968689
506,3,4,1,NA,2,1.08766150474548
506,3,5,1,NA,2,1.147625207901
506,3,6,1,NA,2,1.52818560600281
506,3,7,1,NA,2,0.699861288070679
506,3,8,1,NA,1,0.93524432182312
506,3,9,1,NA,2,1.53108358383179
506,3,10,1,NA,2,1.07188129425049
506,3,11,1,NA,2,1.21213555335999
506,3,12,1,NA,2,0.951489448547363
506,3,13,1,NA,2,1.81445670127869
506,3,14,1,NA,2,1.15505123138428
506,3,15,1,NA,2,1.37773013114929
506,3,16,1,NA,1,1.54244184494019
506,3,17,1,NA,1,0.890219449996948
506,3,18,1,NA,2,0.789321422576904
506,3,19,1,NA,1,0.961607217788696
506,3,20,1,NA,2,1.08565711975098
506,3,21,1,NA,2,1.39364814758301
506,3,22,1,NA,2,0.862404823303223
506,3,23,1,NA,2,0.970442533493042
506,3,24,1,NA,1,1.68655252456665
506,3,25,1,NA,1,0.835137367248535
506,3,26,1,NA,2,0.975874185562134
506,3,27,1,NA,2,1.0509774684906
506,3,28,1,NA,2,1.25090312957764
506,3,29,1,NA,2,1.63091850280762
506,3,30,1,NA,2,0
506,3,31,1,NA,1,0.952204465866089
506,3,32,1,NA,2,1.10437345504761
506,3,33,1,NA,2,0.876404285430908
506,3,34,1,NA,2,0
506,3,35,1,NA,2,0.843571662902832
506,3,36,1,NA,2,1.10640931129456
506,3,37,1,NA,1,1.1340754032135
506,3,38,1,NA,2,1.02063155174255
506,3,39,1,NA,2,1.24509644508362
506,3,40,1,NA,2,1.00873398780823
506,3,41,1,NA,2,0.892558574676514
506,3,42,1,NA,2,1.54511094093323
506,3,43,1,NA,2,1.40589356422424
506,3,44,1,NA,2,1.03806233406067
506,3,45,1,NA,1,1.37063813209534
506,3,46,1,NA,2,1.50293612480164
506,3,47,1,NA,2,0
506,3,48,1,NA,2,1.3101053237915
506,3,49,1,NA,1,0.941314220428467
506,3,50,1,NA,2,1.08927726745605
506,3,51,1,NA,2,1.27199411392212
506,3,52,1,NA,2,1.18108034133911
506,3,53,1,NA,2,0.953616380691528
506,3,54,1,NA,2,0
506,3,55,1,NA,2,0.92591404914856
506,3,56,1,NA,2,0.913394689559937
506,3,57,1,NA,2,0.920295000076294
506,3,58,1,NA,2,1.32027173042297
506,3,59,1,NA,2,1.05179810523987
506,3,60,1,NA,2,1.00741171836853
506,4,1,2,0,1,0.859657287597656
506,4,2,2,0,1,1.13555431365967
506,4,3,2,0,2,1.01884317398071
506,4,4,2,0,1,1.36639833450317
506,4,5,2,0,1,0.985780715942383
506,4,6,2,0,1,1.02099609375
506,4,7,2,0,1,1.04981708526611
506,4,8,2,0,1,1.39810252189636
506,4,9,2,0,1,0.898057460784912
506,4,10,2,0,1,0.877625226974487
506,4,11,2,0,1,0.962206363677979
506,4,12,2,0,1,0.870172500610352
506,4,13,2,0,1,0.890276193618774
506,4,14,2,0,1,0.838886260986328
506,4,15,2,0,1,1.02751135826111
506,4,16,2,0,1,0.791448593139648
506,4,17,2,0,1,0.714930057525635
506,4,18,2,0,1,0
506,4,19,2,0,1,0.930991649627686
506,4,20,2,0,1,0.815601587295532
506,4,21,2,0,1,0.731847286224365
506,4,22,2,0,2,1.15992331504822
506,4,23,2,0,1,1.74003553390503
506,4,24,2,0,1,1.34341931343079
506,4,25,2,0,1,0
506,4,26,2,0,1,0.910983562469482
506,4,27,2,0,2,1.42897200584412
506,4,28,2,0,1,1.2416934967041
506,4,29,2,0,1,1.1264386177063
506,4,30,2,0,2,1.2350640296936
506,4,31,2,0,1,1.95115733146667
506,4,32,2,0,1,1.04355025291443
506,4,33,2,0,1,1.15916538238525
506,4,34,2,0,2,1.6673572063446
506,4,35,2,0,1,1.04660892486572
506,4,36,2,0,1,1.09073662757874
506,4,37,2,0,1,0.88750433921814
506,4,38,2,0,2,1.41870546340942
506,4,39,2,0,1,0.85542368888855
506,4,40,2,0,1,0
506,4,41,2,0,2,1.42346835136414
506,4,42,2,0,2,1.68423342704773
506,4,43,2,0,2,1.13258743286133
506,4,44,2,0,1,1.40807723999023
506,4,45,2,0,1,1.03580689430237
506,4,46,2,0,1,0.9433913230896
506,4,47,2,0,1,0.839457511901855
506,4,48,2,0,2,1.26908922195435
506,4,49,2,0,2,0
506,4,50,2,0,1,1.52829742431641
506,4,51,2,0,1,0.860445022583008
506,4,52,2,0,2,1.27995824813843
506,4,53,2,0,1,0.923385143280029
506,4,54,2,0,1,0.821102619171143
506,4,55,2,0,1,0.752163648605347
506,4,56,2,0,1,1.19600749015808
506,4,57,2,0,1,1.05455732345581
506,4,58,2,0,1,0.971474647521973
506,4,59,2,0,1,0.694595336914062
506,4,60,2,0,1,0.795552730560303
508,1,1,2,NA,1,0
508,1,2,2,NA,1,1.18173837661743
508,1,3,2,NA,1,0.769977331161499
508,1,4,2,NA,1,0.558864593505859
508,1,5,2,NA,2,1.43565058708191
508,1,6,2,NA,1,1.21627044677734
508,1,7,2,NA,1,0.620751857757568
508,1,8,2,NA,1,0.817559242248535
508,1,9,2,NA,1,0.981672286987305
508,1,10,2,NA,1,0.738356351852417
508,1,11,2,NA,1,0.678427457809448
508,1,12,2,NA,2,1.04241561889648
508,1,13,2,NA,1,1.73509049415588
508,1,14,2,NA,1,1.05048656463623
508,1,15,2,NA,1,0.722107172012329
508,1,16,2,NA,1,0.789274454116821
508,1,17,2,NA,1,0.796888589859009
508,1,18,2,NA,1,0.70509934425354
508,1,19,2,NA,1,0.796439409255981
508,1,20,2,NA,1,0.880741596221924
508,1,21,2,NA,1,0.881331205368042
508,1,22,2,NA,1,1.52331352233887
508,1,23,2,NA,1,0.902457237243652
508,1,24,2,NA,1,1.19459795951843
508,1,25,2,NA,1,0.693949222564697
508,1,26,2,NA,2,1.11820387840271
508,1,27,2,NA,2,0.969667196273804
508,1,28,2,NA,1,1.16560363769531
508,1,29,2,NA,1,0.860433578491211
508,1,30,2,NA,2,0.808416604995728
508,1,31,2,NA,1,1.44890403747559
508,1,32,2,NA,1,0.835893154144287
508,1,33,2,NA,1,0.992788314819336
508,1,34,2,NA,1,0.925521612167358
508,1,35,2,NA,2,1.71724247932434
508,1,36,2,NA,1,0.737760782241821
508,1,37,2,NA,1,0.625990390777588
508,1,38,2,NA,2,0.941393613815308
508,1,39,2,NA,1,0.680804014205933
508,1,40,2,NA,1,1.86885643005371
508,1,41,2,NA,1,0.948195457458496
508,1,42,2,NA,2,0.831923246383667
508,1,43,2,NA,1,1.25213241577148
508,1,44,2,NA,1,0.719362497329712
508,1,45,2,NA,2,0.866693496704102
508,1,46,2,NA,1,0.974826574325562
508,1,47,2,NA,1,0.734412431716919
508,1,48,2,NA,1,0.802256107330322
508,1,49,2,NA,1,0.830838441848755
508,1,50,2,NA,1,1.45918369293213
508,1,51,2,NA,1,0.742581605911255
508,1,52,2,NA,1,0
508,1,53,2,NA,2,1.00346946716309
508,1,54,2,NA,1,0.800082206726074
508,1,55,2,NA,1,0.655142307281494
508,1,56,2,NA,2,1.31115221977234
508,1,57,2,NA,2,0.806638479232788
508,1,58,2,NA,1,1.29018640518188
508,1,59,2,NA,1,1.43770003318787
508,1,60,2,NA,1,0.681742906570435
508,2,1,2,1,1,0
508,2,2,2,1,1,1.04294896125793
508,2,3,2,1,1,0.878572225570679
508,2,4,2,1,1,0.930567502975464
508,2,5,2,1,1,0.805911064147949
508,2,6,2,1,2,1.20154547691345
508,2,7,2,1,1,1.10954833030701
508,2,8,2,1,1,1.18559122085571
508,2,9,2,1,1,0.580845594406128
508,2,10,2,1,1,0.728913307189941
508,2,11,2,1,2,0.980473279953003
508,2,12,2,1,1,1.65588283538818
508,2,13,2,1,2,1.5477979183197
508,2,14,2,1,1,0
508,2,15,2,1,2,1.40404343605042
508,2,16,2,1,1,1.07265281677246
508,2,17,2,1,1,0.684736490249634
508,2,18,2,1,1,0.59860110282898
508,2,19,2,1,1,0.754871368408203
508,2,20,2,1,1,1.11081027984619
508,2,21,2,1,1,0.786111831665039
508,2,22,2,1,1,0.911087512969971
508,2,23,2,1,1,0.699716567993164
508,2,24,2,1,1,0
508,2,25,2,1,1,0.651170253753662
508,2,26,2,1,1,0.991787195205688
508,2,27,2,1,1,0.715194463729858
508,2,28,2,1,1,1.07117509841919
508,2,29,2,1,1,0.885154962539673
508,2,30,2,1,1,0.913822174072266
508,2,31,2,1,1,1.17314743995667
508,2,32,2,1,2,1.31246113777161
508,2,33,2,1,2,1.24518013000488
508,2,34,2,1,1,1.77776432037354
508,2,35,2,1,1,1.13007068634033
508,2,36,2,1,2,1.07011032104492
508,2,37,2,1,1,1.00197553634644
508,2,38,2,1,2,0.838142395019531
508,2,39,2,1,2,0
508,2,40,2,1,1,0.80033016204834
508,2,41,2,1,1,1.01470327377319
508,2,42,2,1,1,1.0257842540741
508,2,43,2,1,1,0.751026153564453
508,2,44,2,1,1,0.552956819534302
508,2,45,2,1,1,0.548638343811035
508,2,46,2,1,1,0.504380226135254
508,2,47,2,1,1,1.75707912445068
508,2,48,2,1,1,0.744438171386719
508,2,49,2,1,1,0
508,2,50,2,1,2,0.923233509063721
508,2,51,2,1,1,0.799756288528442
508,2,52,2,1,1,1.131343126297
508,2,53,2,1,1,0.912009239196777
508,2,54,2,1,2,1.01241850852966
508,2,55,2,1,1,1.20222234725952
508,2,56,2,1,1,1.39457106590271
508,2,57,2,1,1,0.720463514328003
508,2,58,2,1,1,0.803591251373291
508,2,59,2,1,2,1.33524417877197
508,2,60,2,1,1,0.779725074768066
508,3,1,2,NA,1,0.670831441879272
508,3,2,2,NA,1,0.875379323959351
508,3,3,2,NA,1,0.647497653961182
508,3,4,2,NA,1,0.676248550415039
508,3,5,2,NA,2,1.57664132118225
508,3,6,2,NA,1,0.693554401397705
508,3,7,2,NA,2,0.89821720123291
508,3,8,2,NA,2,1.02993845939636
508,3,9,2,NA,1,0.673709392547607
508,3,10,2,NA,1,0.573031187057495
508,3,11,2,NA,1,0.673498392105103
508,3,12,2,NA,1,0.910487651824951
508,3,13,2,NA,1,0.670111417770386
508,3,14,2,NA,1,0.754376411437988
508,3,15,2,NA,2,0.98153567314148
508,3,16,2,NA,2,0.736958503723145
508,3,17,2,NA,1,1.27997183799744
508,3,18,2,NA,1,0.964608669281006
508,3,19,2,NA,1,0.884854078292847
508,3,20,2,NA,1,1.64086961746216
508,3,21,2,NA,1,0.588247299194336
508,3,22,2,NA,1,0.904368162155151
508,3,23,2,NA,1,1.06097674369812
508,3,24,2,NA,1,0.769052505493164
508,3,25,2,NA,1,0.736591100692749
508,3,26,2,NA,1,0.804222106933594
508,3,27,2,NA,2,1.04290413856506
508,3,28,2,NA,1,0.951640844345093
508,3,29,2,NA,1,0.87630558013916
508,3,30,2,NA,1,0.880962371826172
508,3,31,2,NA,1,0.81637716293335
508,3,32,2,NA,1,0.828614234924316
508,3,33,2,NA,1,0.775694847106934
508,3,34,2,NA,1,0.743005037307739
508,3,35,2,NA,2,0.970962524414062
508,3,36,2,NA,1,0.814314842224121
508,3,37,2,NA,1,0.686639070510864
508,3,38,2,NA,1,0.55510950088501
508,3,39,2,NA,1,0.679394245147705
508,3,40,2,NA,2,1.01052618026733
508,3,41,2,NA,1,0.694854259490967
508,3,42,2,NA,1,0.794025182723999
508,3,43,2,NA,1,0.982385635375977
508,3,44,2,NA,1,0.745789766311646
508,3,45,2,NA,1,0.965834856033325
508,3,46,2,NA,1,1.10066509246826
508,3,47,2,NA,1,1.0446925163269
508,3,48,2,NA,2,1.113605260849
508,3,49,2,NA,2,1.19769740104675
508,3,50,2,NA,1,1.01386737823486
508,3,51,2,NA,1,0.837368488311768
508,3,52,2,NA,1,1.18109178543091
508,3,53,2,NA,1,0.896473407745361
508,3,54,2,NA,1,1.04445886611938
508,3,55,2,NA,1,0.65556263923645
508,3,56,2,NA,2,1.31581854820251
508,3,57,2,NA,1,0.816606283187866
508,3,58,2,NA,1,0.900075435638428
508,3,59,2,NA,2,0.836252689361572
508,3,60,2,NA,1,1.31513857841492
508,4,1,1,0,1,0
508,4,2,1,0,2,0.903500080108643
508,4,3,1,0,2,1.39613080024719
508,4,4,1,0,2,0.720246076583862
508,4,5,1,0,1,0.764911413192749
508,4,6,1,0,2,1.00929045677185
508,4,7,1,0,2,0.828843355178833
508,4,8,1,0,2,1.10431098937988
508,4,9,1,0,2,0.955749034881592
508,4,10,1,0,1,0.879616260528564
508,4,11,1,0,2,1.07638120651245
508,4,12,1,0,2,0.682678461074829
508,4,13,1,0,2,0.807055234909058
508,4,14,1,0,2,0.65102219581604
508,4,15,1,0,1,1.35940623283386
508,4,16,1,0,2,0.916993618011475
508,4,17,1,0,2,0.88160228729248
508,4,18,1,0,2,0.749330043792725
508,4,19,1,0,2,0.649000644683838
508,4,20,1,0,2,0.804872512817383
508,4,21,1,0,2,0.843081474304199
508,4,22,1,0,2,0.633375883102417
508,4,23,1,0,2,1.18996143341064
508,4,24,1,0,2,1.05051040649414
508,4,25,1,0,2,0.946909666061401
508,4,26,1,0,2,0.895625352859497
508,4,27,1,0,1,0.947870969772339
508,4,28,1,0,2,0.871264934539795
508,4,29,1,0,2,1.17468452453613
508,4,30,1,0,1,0.809978246688843
508,4,31,1,0,2,0.749555349349976
508,4,32,1,0,2,0.760983943939209
508,4,33,1,0,1,0.796126365661621
508,4,34,1,0,2,0.804304122924805
508,4,35,1,0,2,0.767528295516968
508,4,36,1,0,2,1.37990498542786
508,4,37,1,0,1,0.719903469085693
508,4,38,1,0,2,0.835248470306396
508,4,39,1,0,2,0.718793392181396
508,4,40,1,0,2,0.771111249923706
508,4,41,1,0,2,1.23953533172607
508,4,42,1,0,2,0.876189470291138
508,4,43,1,0,2,1.01248121261597
508,4,44,1,0,2,0.921462297439575
508,4,45,1,0,2,0.933537483215332
508,4,46,1,0,1,1.05913043022156
508,4,47,1,0,2,1.43995332717896
508,4,48,1,0,2,0.683629035949707
508,4,49,1,0,2,0.967549800872803
508,4,50,1,0,1,0.884124040603638
508,4,51,1,0,2,0.939659595489502
508,4,52,1,0,2,1.55139851570129
508,4,53,1,0,2,0.972435474395752
508,4,54,1,0,2,1.1684353351593
508,4,55,1,0,2,0.796298027038574
508,4,56,1,0,1,0.640536308288574
508,4,57,1,0,2,1.12394571304321
508,4,58,1,0,2,1.17294764518738
508,4,59,1,0,1,0.783948183059692
508,4,60,1,0,2,1.0285472869873
510,1,1,1,NA,2,0
510,1,2,1,NA,2,1.28406071662903
510,1,3,1,NA,2,1.01554346084595
510,1,4,1,NA,2,1.31638336181641
510,1,5,1,NA,2,0.960613250732422
510,1,6,1,NA,2,1.08397483825684
510,1,7,1,NA,2,0.944814443588257
510,1,8,1,NA,1,0.997408628463745
510,1,9,1,NA,2,0.88978910446167
510,1,10,1,NA,2,0.926162004470825
510,1,11,1,NA,2,0.946733474731445
510,1,12,1,NA,2,0.858338356018066
510,1,13,1,NA,2,0.934308290481567
510,1,14,1,NA,2,0.778174638748169
510,1,15,1,NA,2,0.905415534973145
510,1,16,1,NA,2,0.776716470718384
510,1,17,1,NA,2,0.948419094085693
510,1,18,1,NA,2,0.937085390090942
510,1,19,1,NA,2,0.868969440460205
510,1,20,1,NA,2,0.996093034744263
510,1,21,1,NA,2,1.11952638626099
510,1,22,1,NA,2,0.907528877258301
510,1,23,1,NA,1,0.85617208480835
510,1,24,1,NA,2,0.875670671463013
510,1,25,1,NA,1,0.966830730438232
510,1,26,1,NA,2,0.867610216140747
510,1,27,1,NA,2,1.56702041625977
510,1,28,1,NA,2,0.870748281478882
510,1,29,1,NA,2,0.882727861404419
510,1,30,1,NA,2,0
510,1,31,1,NA,2,0.954283475875854
510,1,32,1,NA,2,1.17482995986938
510,1,33,1,NA,2,0.986963510513306
510,1,34,1,NA,2,0
510,1,35,1,NA,1,1.00273823738098
510,1,36,1,NA,1,0.810092687606812
510,1,37,1,NA,2,0
510,1,38,1,NA,1,0.897379159927368
510,1,39,1,NA,2,0.860952377319336
510,1,40,1,NA,2,1.41188097000122
510,1,41,1,NA,2,0.964160442352295
510,1,42,1,NA,1,0.847987413406372
510,1,43,1,NA,2,1.04817008972168
510,1,44,1,NA,2,0.852332592010498
510,1,45,1,NA,2,0.680444478988647
510,1,46,1,NA,1,1.40703868865967
510,1,47,1,NA,2,0.883968114852905
510,1,48,1,NA,1,0.952739715576172
510,1,49,1,NA,2,1.06925749778748
510,1,50,1,NA,2,0.952623128890991
510,1,51,1,NA,2,1.10482859611511
510,1,52,1,NA,2,0.973055362701416
510,1,53,1,NA,1,0
510,1,54,1,NA,2,0.980514287948608
510,1,55,1,NA,2,1.19318652153015
510,1,56,1,NA,2,0.97260046005249
510,1,57,1,NA,2,1.15205550193787
510,1,58,1,NA,1,1.05929851531982
510,1,59,1,NA,1,0.912164449691772
510,1,60,1,NA,2,0.98876953125
510,2,1,2,0,1,0.788942098617554
510,2,2,2,0,1,0.809788465499878
510,2,3,2,0,1,0.9815993309021
510,2,4,2,0,1,0.977981567382812
510,2,5,2,0,1,0.813904047012329
510,2,6,2,0,1,0.874748706817627
510,2,7,2,0,1,0.918828248977661
510,2,8,2,0,1,0.954206228256226
510,2,9,2,0,1,1.42221546173096
510,2,10,2,0,1,1.11364722251892
510,2,11,2,0,1,0.924696445465088
510,2,12,2,0,1,1.04850673675537
510,2,13,2,0,2,1.07721972465515
510,2,14,2,0,1,0.976780414581299
510,2,15,2,0,1,1.01325154304504
510,2,16,2,0,2,1.41012620925903
510,2,17,2,0,1,0.910143136978149
510,2,18,2,0,1,1.81342267990112
510,2,19,2,0,1,1.60958170890808
510,2,20,2,0,1,1.11699223518372
510,2,21,2,0,1,0.985685586929321
510,2,22,2,0,1,1.26227140426636
510,2,23,2,0,1,0.764868974685669
510,2,24,2,0,1,0.784996032714844
510,2,25,2,0,1,1.24253845214844
510,2,26,2,0,1,0.949896574020386
510,2,27,2,0,1,0.818532228469849
510,2,28,2,0,2,1.19026041030884
510,2,29,2,0,1,0.922356367111206
510,2,30,2,0,1,1.31774520874023
510,2,31,2,0,1,0.819006204605103
510,2,32,2,0,1,0.868112325668335
510,2,33,2,0,1,0.935024261474609
510,2,34,2,0,1,0
510,2,35,2,0,1,0.837955474853516
510,2,36,2,0,1,0.835075378417969
510,2,37,2,0,2,1.0637195110321
510,2,38,2,0,1,0.907281398773193
510,2,39,2,0,2,1.20008420944214
510,2,40,2,0,1,0.883280515670776
510,2,41,2,0,2,1.24124121665955
510,2,42,2,0,1,0.885162353515625
510,2,43,2,0,1,1.06499910354614
510,2,44,2,0,1,0.645874261856079
510,2,45,2,0,2,0
510,2,46,2,0,1,0
510,2,47,2,0,1,0
510,2,48,2,0,1,0.886197328567505
510,2,49,2,0,1,0.978337287902832
510,2,50,2,0,1,0.990982532501221
510,2,51,2,0,1,0.898501396179199
510,2,52,2,0,1,0.750370025634766
510,2,53,2,0,1,0.849755525588989
510,2,54,2,0,2,0.853730201721191
510,2,55,2,0,2,0.913884162902832
510,2,56,2,0,2,0
510,2,57,2,0,2,0.900535583496094
510,2,58,2,0,1,0.945192337036133
510,2,59,2,0,1,0.968858242034912
510,2,60,2,0,2,1.04420113563538
510,3,1,2,NA,1,0.90317440032959
510,3,2,2,NA,1,0.731871128082275
510,3,3,2,NA,1,0.903899669647217
510,3,4,2,NA,1,0.986892461776733
510,3,5,2,NA,1,0.919406414031982
510,3,6,2,NA,1,0.746804714202881
510,3,7,2,NA,2,1.02332735061646
510,3,8,2,NA,1,0.787219524383545
510,3,9,2,NA,1,1.07876086235046
510,3,10,2,NA,1,1.65033197402954
510,3,11,2,NA,1,0
510,3,12,2,NA,1,0.899644136428833
510,3,13,2,NA,1,0.858665227890015
510,3,14,2,NA,1,0.806527137756348
510,3,15,2,NA,1,0.818718433380127
510,3,16,2,NA,1,0.863308906555176
510,3,17,2,NA,1,1.01910948753357
510,3,18,2,NA,1,0.920062303543091
510,3,19,2,NA,2,1.03531670570374
510,3,20,2,NA,1,0.638885259628296
510,3,21,2,NA,1,0.547545433044434
510,3,22,2,NA,1,0.87159538269043
510,3,23,2,NA,1,0.859622478485107
510,3,24,2,NA,1,0.831608295440674
510,3,25,2,NA,1,0.93476939201355
510,3,26,2,NA,1,0
510,3,27,2,NA,1,0.870152235031128
510,3,28,2,NA,1,0
510,3,29,2,NA,2,1.25112128257751
510,3,30,2,NA,1,0.87961745262146
510,3,31,2,NA,1,0.871843338012695
510,3,32,2,NA,1,1.30049824714661
510,3,33,2,NA,1,1.3567214012146
510,3,34,2,NA,1,0.987835645675659
510,3,35,2,NA,1,0
510,3,36,2,NA,2,1.04275894165039
510,3,37,2,NA,1,0.905745267868042
510,3,38,2,NA,1,0
510,3,39,2,NA,2,0.861845254898071
510,3,40,2,NA,1,0.949176073074341
510,3,41,2,NA,1,0.929888963699341
510,3,42,2,NA,1,0.81308126449585
510,3,43,2,NA,2,0.793640375137329
510,3,44,2,NA,1,1.12579274177551
510,3,45,2,NA,1,0.937280416488647
510,3,46,2,NA,1,0.765681743621826
510,3,47,2,NA,2,1.19340062141418
510,3,48,2,NA,2,0.789799690246582
510,3,49,2,NA,1,0.874579191207886
510,3,50,2,NA,1,0.950178384780884
510,3,51,2,NA,2,1.34623503684998
510,3,52,2,NA,1,0.993788719177246
510,3,53,2,NA,1,0.881359338760376
510,3,54,2,NA,1,0.740761280059814
510,3,55,2,NA,2,0.824690341949463
510,3,56,2,NA,2,1.01248812675476
510,3,57,2,NA,2,0.920174837112427
510,3,58,2,NA,1,0.84783411026001
510,3,59,2,NA,1,0.923930406570435
510,3,60,2,NA,1,0.77114725112915
510,4,1,2,1,1,0.662101745605469
510,4,2,2,1,2,0.810637474060059
510,4,3,2,1,2,0.878775358200073
510,4,4,2,1,1,0.947484254837036
510,4,5,2,1,1,1.07867431640625
510,4,6,2,1,1,0.78668212890625
510,4,7,2,1,1,1.40766048431396
510,4,8,2,1,2,0.883125066757202
510,4,9,2,1,1,0.751726388931274
510,4,10,2,1,2,0.652355909347534
510,4,11,2,1,1,0.864416837692261
510,4,12,2,1,1,0.951439380645752
510,4,13,2,1,1,0.995522260665894
510,4,14,2,1,1,0
510,4,15,2,1,1,1.13949847221375
510,4,16,2,1,2,1.10294628143311
510,4,17,2,1,1,1.2590594291687
510,4,18,2,1,1,0.83038330078125
510,4,19,2,1,1,0.843085527420044
510,4,20,2,1,1,0.94322657585144
510,4,21,2,1,1,0.849043607711792
510,4,22,2,1,2,0.781406879425049
510,4,23,2,1,1,0.760915279388428
510,4,24,2,1,1,1.33254551887512
510,4,25,2,1,1,1.19206023216248
510,4,26,2,1,1,1.35533833503723
510,4,27,2,1,2,1.62157940864563
510,4,28,2,1,1,0
510,4,29,2,1,1,1.42361259460449
510,4,30,2,1,1,0
510,4,31,2,1,1,0.973816394805908
510,4,32,2,1,1,0.80948281288147
510,4,33,2,1,1,0.894450664520264
510,4,34,2,1,1,0.793674468994141
510,4,35,2,1,1,0.933958292007446
510,4,36,2,1,1,1.11294674873352
510,4,37,2,1,1,0.676615715026855
510,4,38,2,1,1,0.729325532913208
510,4,39,2,1,1,0.669641256332397
510,4,40,2,1,1,0
510,4,41,2,1,1,0
510,4,42,2,1,1,0.725746393203735
510,4,43,2,1,1,0.985755920410156
510,4,44,2,1,1,0.950366497039795
510,4,45,2,1,1,1.31362962722778
510,4,46,2,1,1,0.858293533325195
510,4,47,2,1,1,0
510,4,48,2,1,1,0
510,4,49,2,1,1,1.30229234695435
510,4,50,2,1,1,1.55781841278076
510,4,51,2,1,1,1.00978517532349
510,4,52,2,1,1,0.840374231338501
510,4,53,2,1,2,0.885096311569214
510,4,54,2,1,1,0.91386890411377
510,4,55,2,1,1,1.49383020401001
510,4,56,2,1,2,0.876596450805664
510,4,57,2,1,1,0.888609647750854
510,4,58,2,1,2,0
510,4,59,2,1,2,0.939536333084106
510,4,60,2,1,2,1.86300921440125
511,1,1,1,NA,2,1.48827123641968
511,1,2,1,NA,2,1.12368106842041
511,1,3,1,NA,2,1.0949535369873
511,1,4,1,NA,1,1.27479338645935
511,1,5,1,NA,1,1.17575430870056
511,1,6,1,NA,2,1.1231791973114
511,1,7,1,NA,2,0.431879758834839
511,1,8,1,NA,2,1.31583833694458
511,1,9,1,NA,2,1.03247880935669
511,1,10,1,NA,2,0.948107957839966
511,1,11,1,NA,2,1.10397958755493
511,1,12,1,NA,2,1.3429012298584
511,1,13,1,NA,1,1.53072738647461
511,1,14,1,NA,2,1.14242124557495
511,1,15,1,NA,1,0.922641754150391
511,1,16,1,NA,2,1.2632052898407
511,1,17,1,NA,2,0
511,1,18,1,NA,2,0
511,1,19,1,NA,2,0
511,1,20,1,NA,2,1.03199052810669
511,1,21,1,NA,2,0.999004602432251
511,1,22,1,NA,1,0.899691343307495
511,1,23,1,NA,2,1.11233949661255
511,1,24,1,NA,1,1.08703756332397
511,1,25,1,NA,2,0.902308225631714
511,1,26,1,NA,2,1.13092350959778
511,1,27,1,NA,1,0.934333086013794
511,1,28,1,NA,2,1.04215621948242
511,1,29,1,NA,1,0.830271244049072
511,1,30,1,NA,2,0.877954721450806
511,1,31,1,NA,2,1.04921364784241
511,1,32,1,NA,2,0.965431451797485
511,1,33,1,NA,2,1.10543012619019
511,1,34,1,NA,1,1.14213418960571
511,1,35,1,NA,2,0.986262083053589
511,1,36,1,NA,2,1.04103088378906
511,1,37,1,NA,2,0.888126373291016
511,1,38,1,NA,2,0.97281551361084
511,1,39,1,NA,2,0.995732307434082
511,1,40,1,NA,1,0.986699342727661
511,1,41,1,NA,2,0.846695423126221
511,1,42,1,NA,2,1.18675780296326
511,1,43,1,NA,2,1.26348114013672
511,1,44,1,NA,2,1.02781915664673
511,1,45,1,NA,2,0.856701612472534
511,1,46,1,NA,2,0.903827905654907
511,1,47,1,NA,1,1.01090359687805
511,1,48,1,NA,2,1.11184573173523
511,1,49,1,NA,2,0.883848190307617
511,1,50,1,NA,1,1.36416625976562
511,1,51,1,NA,2,0.955095291137695
511,1,52,1,NA,2,1.16775178909302
511,1,53,1,NA,2,0.924394130706787
511,1,54,1,NA,2,1.11554312705994
511,1,55,1,NA,2,0.767157316207886
511,1,56,1,NA,2,0.77866268157959
511,1,57,1,NA,2,1.07930779457092
511,1,58,1,NA,2,0.935147047042847
511,1,59,1,NA,2,0
511,1,60,1,NA,2,0.911880254745483
511,2,1,2,0,1,0.98540735244751
511,2,2,2,0,2,1.09320330619812
511,2,3,2,0,1,0.944867134094238
511,2,4,2,0,2,0.949528217315674
511,2,5,2,0,1,0.888925313949585
511,2,6,2,0,1,1.03680038452148
511,2,7,2,0,1,0.809637069702148
511,2,8,2,0,1,0.734385251998901
511,2,9,2,0,1,0.954385280609131
511,2,10,2,0,2,1.07910394668579
511,2,11,2,0,1,0.819647550582886
511,2,12,2,0,1,0.991549491882324
511,2,13,2,0,1,0.862257719039917
511,2,14,2,0,1,0.724990606307983
511,2,15,2,0,1,0.752407550811768
511,2,16,2,0,1,1.00926351547241
511,2,17,2,0,1,0.876705169677734
511,2,18,2,0,1,0.878696203231812
511,2,19,2,0,1,0.874669313430786
511,2,20,2,0,1,0.871773958206177
511,2,21,2,0,2,1.26753330230713
511,2,22,2,0,2,1.15248775482178
511,2,23,2,0,1,0.940325498580933
511,2,24,2,0,1,1.13585829734802
511,2,25,2,0,1,0.750767946243286
511,2,26,2,0,1,0.882847547531128
511,2,27,2,0,1,1.12688946723938
511,2,28,2,0,1,0.915533065795898
511,2,29,2,0,2,0.943321466445923
511,2,30,2,0,1,0.882706880569458
511,2,31,2,0,1,0.98216962814331
511,2,32,2,0,1,0.984319448471069
511,2,33,2,0,1,1.16489291191101
511,2,34,2,0,1,0.684714317321777
511,2,35,2,0,1,0.920826435089111
511,2,36,2,0,1,0.916198253631592
511,2,37,2,0,1,0.903377771377563
511,2,38,2,0,2,1.13102531433105
511,2,39,2,0,1,0.910381078720093
511,2,40,2,0,1,0.858443260192871
511,2,41,2,0,1,0.909838438034058
511,2,42,2,0,1,0
511,2,43,2,0,1,0.862879514694214
511,2,44,2,0,2,1.95430636405945
511,2,45,2,0,1,0.869643449783325
511,2,46,2,0,1,1.69833517074585
511,2,47,2,0,1,0.806285381317139
511,2,48,2,0,1,0.737858295440674
511,2,49,2,0,2,0.925278425216675
511,2,50,2,0,1,0.693589210510254
511,2,51,2,0,2,1.13756418228149
511,2,52,2,0,1,0.83710527420044
511,2,53,2,0,1,0.68158221244812
511,2,54,2,0,1,0.90168046951294
511,2,55,2,0,1,0.945708513259888
511,2,56,2,0,1,0.694389581680298
511,2,57,2,0,1,0.737748146057129
511,2,58,2,0,2,0.973129510879517
511,2,59,2,0,2,0.937839031219482
511,2,60,2,0,1,1.68590354919434
511,3,1,2,NA,1,0.806061506271362
511,3,2,2,NA,2,1.07479333877563
511,3,3,2,NA,1,0.791402816772461
511,3,4,2,NA,2,0.892260313034058
511,3,5,2,NA,1,0.735769510269165
511,3,6,2,NA,1,0.828341484069824
511,3,7,2,NA,1,0.608992576599121
511,3,8,2,NA,1,0.70120906829834
511,3,9,2,NA,1,0.769401550292969
511,3,10,2,NA,1,0.669034481048584
511,3,11,2,NA,1,0.664654731750488
511,3,12,2,NA,1,0.748739957809448
511,3,13,2,NA,1,0.704594135284424
511,3,14,2,NA,2,1.04801750183105
511,3,15,2,NA,1,1.03546500205994
511,3,16,2,NA,1,0.762295246124268
511,3,17,2,NA,1,0.86203122138977
511,3,18,2,NA,1,0.777786016464233
511,3,19,2,NA,1,0.83747673034668
511,3,20,2,NA,1,1.02592635154724
511,3,21,2,NA,1,0.822188377380371
511,3,22,2,NA,1,0.677830457687378
511,3,23,2,NA,1,0.866550922393799
511,3,24,2,NA,2,1.08136630058289
511,3,25,2,NA,1,0.909480333328247
511,3,26,2,NA,1,0.881517648696899
511,3,27,2,NA,1,0.828962326049805
511,3,28,2,NA,2,1.30038475990295
511,3,29,2,NA,1,0.833122730255127
511,3,30,2,NA,1,0.848042726516724
511,3,31,2,NA,1,0.900928258895874
511,3,32,2,NA,2,0.992915630340576
511,3,33,2,NA,1,0.844883441925049
511,3,34,2,NA,1,0.779618501663208
511,3,35,2,NA,2,1.04835319519043
511,3,36,2,NA,1,0.712146043777466
511,3,37,2,NA,1,0.87176513671875
511,3,38,2,NA,2,1.00319147109985
511,3,39,2,NA,1,0.734673023223877
511,3,40,2,NA,1,0.974606990814209
511,3,41,2,NA,1,0.778570652008057
511,3,42,2,NA,1,0.78272819519043
511,3,43,2,NA,2,1.27404093742371
511,3,44,2,NA,1,0.901713371276855
511,3,45,2,NA,1,1.24235916137695
511,3,46,2,NA,2,1.12649917602539
511,3,47,2,NA,1,1.17041444778442
511,3,48,2,NA,1,1.06964039802551
511,3,49,2,NA,1,0
511,3,50,2,NA,2,1.26517915725708
511,3,51,2,NA,1,1.1371111869812
511,3,52,2,NA,1,0.940526723861694
511,3,53,2,NA,1,1.0012366771698
511,3,54,2,NA,1,0.852644681930542
511,3,55,2,NA,1,1.13965964317322
511,3,56,2,NA,1,0.903741598129272
511,3,57,2,NA,1,0.796082496643066
511,3,58,2,NA,1,0.688942193984985
511,3,59,2,NA,1,0.765285730361938
511,3,60,2,NA,2,0.965871334075928
511,4,1,2,1,2,0.94495153427124
511,4,2,2,1,1,0.885103464126587
511,4,3,2,1,2,1.05759716033936
511,4,4,2,1,2,1.4064245223999
511,4,5,2,1,1,0.986501216888428
511,4,6,2,1,2,0.837794303894043
511,4,7,2,1,1,0.777681827545166
511,4,8,2,1,1,0.685348272323608
511,4,9,2,1,1,0.696818351745605
511,4,10,2,1,1,0.741489410400391
511,4,11,2,1,2,0.872620582580566
511,4,12,2,1,2,0.94097113609314
511,4,13,2,1,1,0.857563257217407
511,4,14,2,1,2,1.05224609375
511,4,15,2,1,1,0.776141166687012
511,4,16,2,1,1,0.729286193847656
511,4,17,2,1,1,0.791173696517944
511,4,18,2,1,2,0.924091339111328
511,4,19,2,1,1,0.823391437530518
511,4,20,2,1,1,0.644148111343384
511,4,21,2,1,1,0.856118202209473
511,4,22,2,1,1,0.980200529098511
511,4,23,2,1,2,0.804638147354126
511,4,24,2,1,1,0.793030500411987
511,4,25,2,1,1,0.787127494812012
511,4,26,2,1,1,1.14284062385559
511,4,27,2,1,2,0.84226655960083
511,4,28,2,1,1,0.909448862075806
511,4,29,2,1,1,0.689821720123291
511,4,30,2,1,1,0.854397535324097
511,4,31,2,1,1,0.778341054916382
511,4,32,2,1,1,0.909960031509399
511,4,33,2,1,1,0.968621253967285
511,4,34,2,1,1,0.868739128112793
511,4,35,2,1,1,0.816039800643921
511,4,36,2,1,1,0.764482021331787
511,4,37,2,1,2,1.05676770210266
511,4,38,2,1,1,0.796528100967407
511,4,39,2,1,1,1.16895580291748
511,4,40,2,1,1,0.78883957862854
511,4,41,2,1,1,0.86510419845581
511,4,42,2,1,1,0
511,4,43,2,1,2,0.96738076210022
511,4,44,2,1,1,1.11386728286743
511,4,45,2,1,1,0.942576169967651
511,4,46,2,1,1,0.947322130203247
511,4,47,2,1,1,0.927753448486328
511,4,48,2,1,1,1.05925941467285
511,4,49,2,1,1,0.918938398361206
511,4,50,2,1,1,0.827224731445312
511,4,51,2,1,1,0.792672872543335
511,4,52,2,1,1,1.31748485565186
511,4,53,2,1,1,0.993617057800293
511,4,54,2,1,1,0.821011066436768
511,4,55,2,1,1,0.729406356811523
511,4,56,2,1,1,0.876805305480957
511,4,57,2,1,1,1.46422529220581
511,4,58,2,1,1,1.27596855163574
511,4,59,2,1,1,0.680982112884521
511,4,60,2,1,1,0.868999242782593
513,1,1,1,NA,1,0
513,1,2,1,NA,2,0
513,1,3,1,NA,1,0
513,1,4,1,NA,2,0
513,1,5,1,NA,2,0
513,1,6,1,NA,1,1.82312846183777
513,1,7,1,NA,2,1.8265106678009
513,1,8,1,NA,2,0
513,1,9,1,NA,2,0
513,1,10,1,NA,1,1.4392614364624
513,1,11,1,NA,2,0
513,1,12,1,NA,2,0
513,1,13,1,NA,2,1.63610816001892
513,1,14,1,NA,2,0
513,1,15,1,NA,1,1.35094094276428
513,1,16,1,NA,2,1.50277924537659
513,1,17,1,NA,2,1.63819622993469
513,1,18,1,NA,2,0
513,1,19,1,NA,2,1.08235812187195
513,1,20,1,NA,2,1.11328983306885
513,1,21,1,NA,2,1.19804644584656
513,1,22,1,NA,2,1.73304414749146
513,1,23,1,NA,2,1.43316960334778
513,1,24,1,NA,2,1.36513209342957
513,1,25,1,NA,2,0
513,1,26,1,NA,2,1.2930474281311
513,1,27,1,NA,2,1.56988954544067
513,1,28,1,NA,2,1.04582142829895
513,1,29,1,NA,2,1.10955715179443
513,1,30,1,NA,2,0
513,1,31,1,NA,2,0
513,1,32,1,NA,2,1.521977186203
513,1,33,1,NA,2,1.36572742462158
513,1,34,1,NA,2,1.0847544670105
513,1,35,1,NA,2,1.0561215877533
513,1,36,1,NA,2,1.04396224021912
513,1,37,1,NA,2,1.77618908882141
513,1,38,1,NA,1,0
513,1,39,1,NA,2,1.0412278175354
513,1,40,1,NA,2,1.12490797042847
513,1,41,1,NA,2,1.30038952827454
513,1,42,1,NA,2,1.12794828414917
513,1,43,1,NA,2,1.49261140823364
513,1,44,1,NA,1,1.24417662620544
513,1,45,1,NA,1,0.963830947875977
513,1,46,1,NA,1,0.986369371414185
513,1,47,1,NA,2,1.23886847496033
513,1,48,1,NA,2,1.14625930786133
513,1,49,1,NA,1,0.957605361938477
513,1,50,1,NA,2,1.16167163848877
513,1,51,1,NA,2,1.10437369346619
513,1,52,1,NA,2,0
513,1,53,1,NA,2,1.02441835403442
513,1,54,1,NA,1,1.50399732589722
513,1,55,1,NA,1,1.50040340423584
513,1,56,1,NA,2,0.840836763381958
513,1,57,1,NA,2,0.973739385604858
513,1,58,1,NA,2,1.6057870388031
513,1,59,1,NA,2,0
513,1,60,1,NA,2,1.16592669487
513,2,1,1,1,1,0
513,2,2,1,1,2,1.63092446327209
513,2,3,1,1,2,0
513,2,4,1,1,2,1.21588921546936
513,2,5,1,1,2,0
513,2,6,1,1,2,0
513,2,7,1,1,2,1.4614622592926
513,2,8,1,1,2,1.449378490448
513,2,9,1,1,1,1.2287266254425
513,2,10,1,1,2,0
513,2,11,1,1,2,1.02849125862122
513,2,12,1,1,1,0
513,2,13,1,1,2,1.32602834701538
513,2,14,1,1,2,0
513,2,15,1,1,1,0.806063413619995
513,2,16,1,1,1,1.33015871047974
513,2,17,1,1,2,0.982033491134644
513,2,18,1,1,2,1.2584502696991
513,2,19,1,1,2,0
513,2,20,1,1,1,1.42272543907166
513,2,21,1,1,2,1.10950136184692
513,2,22,1,1,2,1.31913471221924
513,2,23,1,1,2,1.51526641845703
513,2,24,1,1,2,1.31977820396423
513,2,25,1,1,2,1.1873414516449
513,2,26,1,1,2,0.870878219604492
513,2,27,1,1,1,1.27393317222595
513,2,28,1,1,2,1.37428450584412
513,2,29,1,1,2,1.21903014183044
513,2,30,1,1,2,0.919668436050415
513,2,31,1,1,2,1.23506093025208
513,2,32,1,1,2,1.15963006019592
513,2,33,1,1,2,1.13240051269531
513,2,34,1,1,2,1.03122925758362
513,2,35,1,1,2,0.883556127548218
513,2,36,1,1,2,1.07880735397339
513,2,37,1,1,2,0
513,2,38,1,1,2,1.35919618606567
513,2,39,1,1,2,0
513,2,40,1,1,1,1.27240037918091
513,2,41,1,1,2,1.91214036941528
513,2,42,1,1,2,1.18086934089661
513,2,43,1,1,2,1.79280948638916
513,2,44,1,1,1,1.18029761314392
513,2,45,1,1,1,1.00100636482239
513,2,46,1,1,1,0.87770414352417
513,2,47,1,1,2,1.80242133140564
513,2,48,1,1,2,1.0704345703125
513,2,49,1,1,2,1.37062430381775
513,2,50,1,1,2,1.14276361465454
513,2,51,1,1,2,1.3461217880249
513,2,52,1,1,2,1.09626936912537
513,2,53,1,1,2,1.18020009994507
513,2,54,1,1,2,0.808059692382812
513,2,55,1,1,2,1.26088309288025
513,2,56,1,1,2,1.23231530189514
513,2,57,1,1,1,1.6524178981781
513,2,58,1,1,2,1.29564929008484
513,2,59,1,1,2,1.85181212425232
513,2,60,1,1,2,0.912127017974854
513,3,1,1,NA,2,0
513,3,2,1,NA,1,1.08257675170898
513,3,3,1,NA,2,0.823224306106567
513,3,4,1,NA,2,1.05120134353638
513,3,5,1,NA,2,0.926900148391724
513,3,6,1,NA,2,0.994761228561401
513,3,7,1,NA,1,1.04734992980957
513,3,8,1,NA,1,1.13106751441956
513,3,9,1,NA,2,1.27136063575745
513,3,10,1,NA,2,1.48432159423828
513,3,11,1,NA,2,1.92100143432617
513,3,12,1,NA,2,1.09363770484924
513,3,13,1,NA,2,1.0018196105957
513,3,14,1,NA,2,1.73297333717346
513,3,15,1,NA,2,1.17730903625488
513,3,16,1,NA,1,1.06520628929138
513,3,17,1,NA,2,1.02130556106567
513,3,18,1,NA,2,0.993523359298706
513,3,19,1,NA,2,1.29394388198853
513,3,20,1,NA,2,1.54958415031433
513,3,21,1,NA,2,1.94577717781067
513,3,22,1,NA,2,1.29425859451294
513,3,23,1,NA,2,1.21469068527222
513,3,24,1,NA,2,1.13489007949829
513,3,25,1,NA,2,1.06608104705811
513,3,26,1,NA,2,0.921242475509644
513,3,27,1,NA,2,0
513,3,28,1,NA,2,0.964856386184692
513,3,29,1,NA,1,1.64496827125549
513,3,30,1,NA,1,0.915992259979248
513,3,31,1,NA,2,1.50403761863708
513,3,32,1,NA,1,1.35157012939453
513,3,33,1,NA,2,1.05883312225342
513,3,34,1,NA,2,1.10303902626038
513,3,35,1,NA,2,1.58648729324341
513,3,36,1,NA,2,1.43922424316406
513,3,37,1,NA,2,1.1959080696106
513,3,38,1,NA,1,1.13089156150818
513,3,39,1,NA,2,1.36688780784607
513,3,40,1,NA,2,1.08226013183594
513,3,41,1,NA,2,1.14224934577942
513,3,42,1,NA,2,1.04518723487854
513,3,43,1,NA,2,1.03245854377747
513,3,44,1,NA,2,1.44409823417664
513,3,45,1,NA,2,1.15225887298584
513,3,46,1,NA,2,0.860410451889038
513,3,47,1,NA,2,1.14844846725464
513,3,48,1,NA,1,1.0321409702301
513,3,49,1,NA,2,1.59664964675903
513,3,50,1,NA,1,1.15263390541077
513,3,51,1,NA,1,1.14860892295837
513,3,52,1,NA,2,1.007981300354
513,3,53,1,NA,1,1.41151595115662
513,3,54,1,NA,2,1.26684069633484
513,3,55,1,NA,2,1.08636355400085
513,3,56,1,NA,2,0.96541428565979
513,3,57,1,NA,2,0
513,3,58,1,NA,2,1.09704542160034
513,3,59,1,NA,2,1.07625889778137
513,3,60,1,NA,2,1.1051332950592
513,4,1,2,0,2,0.908120155334473
513,4,2,2,0,1,1.1434211730957
513,4,3,2,0,1,0.87554669380188
513,4,4,2,0,1,1.55948209762573
513,4,5,2,0,1,0.795525550842285
513,4,6,2,0,1,0.831553220748901
513,4,7,2,0,1,0.804284334182739
513,4,8,2,0,1,0.705034494400024
513,4,9,2,0,1,1.50052213668823
513,4,10,2,0,1,1.03976917266846
513,4,11,2,0,1,0
513,4,12,2,0,1,1.04788422584534
513,4,13,2,0,1,0
513,4,14,2,0,1,0.832247972488403
513,4,15,2,0,1,1.23416256904602
513,4,16,2,0,2,1.16567659378052
513,4,17,2,0,2,0.776838064193726
513,4,18,2,0,1,1.04484748840332
513,4,19,2,0,2,1.45033764839172
513,4,20,2,0,2,0.894100427627563
513,4,21,2,0,1,0.762295961380005
513,4,22,2,0,1,0.983041048049927
513,4,23,2,0,1,1.09098720550537
513,4,24,2,0,1,0.751237392425537
513,4,25,2,0,2,1.4091112613678
513,4,26,2,0,2,0
513,4,27,2,0,1,0.769223690032959
513,4,28,2,0,1,0.820583343505859
513,4,29,2,0,1,0.977349519729614
513,4,30,2,0,2,1.26917266845703
513,4,31,2,0,1,0.91100263595581
513,4,32,2,0,1,0
513,4,33,2,0,1,0.942464590072632
513,4,34,2,0,1,1.33779644966125
513,4,35,2,0,1,1.6738224029541
513,4,36,2,0,1,0.985751390457153
513,4,37,2,0,1,0.845162868499756
513,4,38,2,0,1,1.17692637443542
513,4,39,2,0,1,0.853991508483887
513,4,40,2,0,1,0.914017677307129
513,4,41,2,0,2,1.61471056938171
513,4,42,2,0,2,0.978802680969238
513,4,43,2,0,1,1.09415650367737
513,4,44,2,0,1,0
513,4,45,2,0,1,0.986396074295044
513,4,46,2,0,1,1.09489417076111
513,4,47,2,0,1,0.731679201126099
513,4,48,2,0,2,0.964304685592651
513,4,49,2,0,1,0.912449359893799
513,4,50,2,0,1,1.02004432678223
513,4,51,2,0,1,0.90036129951477
513,4,52,2,0,1,0
513,4,53,2,0,1,0.92467737197876
513,4,54,2,0,1,0.928386449813843
513,4,55,2,0,1,0.828927516937256
513,4,56,2,0,1,0.745410203933716
513,4,57,2,0,1,0.655756235122681
513,4,58,2,0,1,1.85043263435364
513,4,59,2,0,2,1.1510009765625
513,4,60,2,0,1,0.994476318359375
516,1,1,2,NA,1,1.67537045478821
516,1,2,2,NA,1,0.935153007507324
516,1,3,2,NA,1,0.922729730606079
516,1,4,2,NA,2,1.60681486129761
516,1,5,2,NA,1,0.882310390472412
516,1,6,2,NA,1,0.78950023651123
516,1,7,2,NA,2,1.84232354164124
516,1,8,2,NA,1,0.83883261680603
516,1,9,2,NA,1,0.843643426895142
516,1,10,2,NA,2,0.880374431610107
516,1,11,2,NA,1,0.947690725326538
516,1,12,2,NA,1,0.87536096572876
516,1,13,2,NA,1,1.07871031761169
516,1,14,2,NA,1,1.13817453384399
516,1,15,2,NA,1,0.862832307815552
516,1,16,2,NA,1,0.914813280105591
516,1,17,2,NA,1,0.799344062805176
516,1,18,2,NA,1,0.747055292129517
516,1,19,2,NA,1,0.999745845794678
516,1,20,2,NA,2,1.99189639091492
516,1,21,2,NA,1,1.11209750175476
516,1,22,2,NA,1,0.812186479568481
516,1,23,2,NA,2,0.704304218292236
516,1,24,2,NA,1,0.795531511306763
516,1,25,2,NA,1,0.71949577331543
516,1,26,2,NA,1,0.779962301254272
516,1,27,2,NA,1,0.689040184020996
516,1,28,2,NA,2,0.836240291595459
516,1,29,2,NA,1,0.776095151901245
516,1,30,2,NA,1,0
516,1,31,2,NA,2,0.732638359069824
516,1,32,2,NA,1,1.25307154655457
516,1,33,2,NA,1,1.01189947128296
516,1,34,2,NA,1,0.631245374679565
516,1,35,2,NA,2,0.830166816711426
516,1,36,2,NA,1,0.986328125
516,1,37,2,NA,1,0.797473430633545
516,1,38,2,NA,1,1.77809834480286
516,1,39,2,NA,1,0.713778495788574
516,1,40,2,NA,1,0.802059173583984
516,1,41,2,NA,1,1.70951843261719
516,1,42,2,NA,2,1.04946351051331
516,1,43,2,NA,2,0.953851699829102
516,1,44,2,NA,1,0.706088304519653
516,1,45,2,NA,1,0.71753454208374
516,1,46,2,NA,1,0.75415849685669
516,1,47,2,NA,1,0.614180326461792
516,1,48,2,NA,1,0.890692234039307
516,1,49,2,NA,1,0.934914827346802
516,1,50,2,NA,1,0.79814887046814
516,1,51,2,NA,1,0.929944276809692
516,1,52,2,NA,1,0.70204496383667
516,1,53,2,NA,1,0.804665565490723
516,1,54,2,NA,1,0.984999656677246
516,1,55,2,NA,2,1.25587439537048
516,1,56,2,NA,1,0.843277454376221
516,1,57,2,NA,1,0.663338422775269
516,1,58,2,NA,1,0.702941656112671
516,1,59,2,NA,1,0.610927581787109
516,1,60,2,NA,2,0.774053573608398
516,2,1,1,0,1,1.19769525527954
516,2,2,1,0,2,1.42560029029846
516,2,3,1,0,2,0.925102233886719
516,2,4,1,0,2,1.03349757194519
516,2,5,1,0,1,0.702478885650635
516,2,6,1,0,2,0.890587568283081
516,2,7,1,0,2,1.02181124687195
516,2,8,1,0,1,0.946062564849854
516,2,9,1,0,2,1.11068105697632
516,2,10,1,0,2,0.882606267929077
516,2,11,1,0,2,0.855343341827393
516,2,12,1,0,1,0.674929141998291
516,2,13,1,0,2,1.19748401641846
516,2,14,1,0,2,0.800759315490723
516,2,15,1,0,2,0
516,2,16,1,0,2,0.874244928359985
516,2,17,1,0,2,0.935748100280762
516,2,18,1,0,2,1.99750733375549
516,2,19,1,0,2,0.960948467254639
516,2,20,1,0,2,0.765660047531128
516,2,21,1,0,1,0.858250617980957
516,2,22,1,0,2,0.861627340316772
516,2,23,1,0,2,0.857150793075562
516,2,24,1,0,2,0.989785432815552
516,2,25,1,0,2,0.754467248916626
516,2,26,1,0,2,0.950482368469238
516,2,27,1,0,1,0.665918111801147
516,2,28,1,0,2,1.17533206939697
516,2,29,1,0,2,0.939420461654663
516,2,30,1,0,2,0.950947761535645
516,2,31,1,0,2,0.778632879257202
516,2,32,1,0,2,0.68651533126831
516,2,33,1,0,2,0.771200656890869
516,2,34,1,0,2,1.00835466384888
516,2,35,1,0,2,1.22088861465454
516,2,36,1,0,1,1.26286053657532
516,2,37,1,0,1,1.23567843437195
516,2,38,1,0,2,0.758801460266113
516,2,39,1,0,2,0.986582279205322
516,2,40,1,0,1,0.96789288520813
516,2,41,1,0,2,0.803157806396484
516,2,42,1,0,2,0.747246503829956
516,2,43,1,0,2,1.05563354492188
516,2,44,1,0,2,0.427413463592529
516,2,45,1,0,2,0.879277229309082
516,2,46,1,0,2,1.09202146530151
516,2,47,1,0,1,0.719986438751221
516,2,48,1,0,2,0.955518007278442
516,2,49,1,0,2,1.31163024902344
516,2,50,1,0,2,1.01929044723511
516,2,51,1,0,2,0.920869827270508
516,2,52,1,0,1,0.844926595687866
516,2,53,1,0,2,1.65184855461121
516,2,54,1,0,2,0
516,2,55,1,0,2,0.723934412002563
516,2,56,1,0,1,0.75946855545044
516,2,57,1,0,2,1.04372763633728
516,2,58,1,0,2,0.77638578414917
516,2,59,1,0,2,0.852705955505371
516,2,60,1,0,2,0.955399513244629
516,3,1,1,NA,2,1.89401435852051
516,3,2,1,NA,2,0.761796236038208
516,3,3,1,NA,1,0.758500337600708
516,3,4,1,NA,2,0.777961254119873
516,3,5,1,NA,2,0
516,3,6,1,NA,1,0.96302342414856
516,3,7,1,NA,2,1.07164788246155
516,3,8,1,NA,2,0.827609300613403
516,3,9,1,NA,1,0.526771306991577
516,3,10,1,NA,2,1.01956510543823
516,3,11,1,NA,2,0.951849460601807
516,3,12,1,NA,2,1.43655753135681
516,3,13,1,NA,2,0.945207118988037
516,3,14,1,NA,1,0.869785070419312
516,3,15,1,NA,2,0.729220867156982
516,3,16,1,NA,1,0.897415161132812
516,3,17,1,NA,2,1.52593326568604
516,3,18,1,NA,2,0.810783386230469
516,3,19,1,NA,2,0.806039094924927
516,3,20,1,NA,2,1.74574637413025
516,3,21,1,NA,2,0.808958053588867
516,3,22,1,NA,2,0.836361408233643
516,3,23,1,NA,2,0.752702236175537
516,3,24,1,NA,2,0.748143672943115
516,3,25,1,NA,2,0.775267362594604
516,3,26,1,NA,2,0.963363647460938
516,3,27,1,NA,2,0.911635160446167
516,3,28,1,NA,2,0.782329320907593
516,3,29,1,NA,2,0.729909658432007
516,3,30,1,NA,2,0.94269323348999
516,3,31,1,NA,2,0.66672945022583
516,3,32,1,NA,2,0.745719194412231
516,3,33,1,NA,2,0.820858001708984
516,3,34,1,NA,2,1.01683568954468
516,3,35,1,NA,1,0.917765378952026
516,3,36,1,NA,2,0.990020990371704
516,3,37,1,NA,2,1.15758228302002
516,3,38,1,NA,2,0.89259934425354
516,3,39,1,NA,1,0.81583046913147
516,3,40,1,NA,1,0.779026031494141
516,3,41,1,NA,2,1.01019215583801
516,3,42,1,NA,2,1.03441715240479
516,3,43,1,NA,2,0.99864649772644
516,3,44,1,NA,1,0.902207374572754
516,3,45,1,NA,2,1.19487285614014
516,3,46,1,NA,2,1.13101744651794
516,3,47,1,NA,1,0.735129117965698
516,3,48,1,NA,2,0.807136058807373
516,3,49,1,NA,2,0.802449464797974
516,3,50,1,NA,2,0.861993074417114
516,3,51,1,NA,2,0.701718807220459
516,3,52,1,NA,1,0.916633129119873
516,3,53,1,NA,2,1.28116226196289
516,3,54,1,NA,2,0.788596391677856
516,3,55,1,NA,2,0.929449319839478
516,3,56,1,NA,1,0.909368276596069
516,3,57,1,NA,2,0.85737419128418
516,3,58,1,NA,2,0.805406093597412
516,3,59,1,NA,2,0.828782558441162
516,3,60,1,NA,2,1.20122528076172
516,4,1,1,1,1,1.4096405506134
516,4,2,1,1,2,0.693096399307251
516,4,3,1,1,2,1.23377656936646
516,4,4,1,1,2,0.685680150985718
516,4,5,1,1,1,0.713153600692749
516,4,6,1,1,2,1.12578105926514
516,4,7,1,1,1,0.75395655632019
516,4,8,1,1,2,1.05388808250427
516,4,9,1,1,2,0.729321241378784
516,4,10,1,1,2,0.804773092269897
516,4,11,1,1,2,1.136878490448
516,4,12,1,1,2,0.96328330039978
516,4,13,1,1,1,0.792068719863892
516,4,14,1,1,2,0.851565361022949
516,4,15,1,1,2,0.86307168006897
516,4,16,1,1,2,0.907745361328125
516,4,17,1,1,2,0.831661701202393
516,4,18,1,1,2,0.883302211761475
516,4,19,1,1,2,0.990675210952759
516,4,20,1,1,2,1.33917617797852
516,4,21,1,1,2,0.82660722732544
516,4,22,1,1,2,0.862052917480469
516,4,23,1,1,2,0.955015659332275
516,4,24,1,1,2,0.983843326568604
516,4,25,1,1,2,1.32672715187073
516,4,26,1,1,2,0
516,4,27,1,1,2,1.16424584388733
516,4,28,1,1,1,0.767353773117065
516,4,29,1,1,1,1.0194571018219
516,4,30,1,1,2,0.751299381256104
516,4,31,1,1,2,0.930488586425781
516,4,32,1,1,2,0.84669017791748
516,4,33,1,1,2,1.13130736351013
516,4,34,1,1,2,0.809603452682495
516,4,35,1,1,2,0.830127477645874
516,4,36,1,1,2,0.800243616104126
516,4,37,1,1,2,0
516,4,38,1,1,2,1.64064025878906
516,4,39,1,1,1,0.908002853393555
516,4,40,1,1,2,0.920790672302246
516,4,41,1,1,2,0.909358501434326
516,4,42,1,1,2,1.24227499961853
516,4,43,1,1,1,0.805623769760132
516,4,44,1,1,2,1.40571022033691
516,4,45,1,1,2,1.01677227020264
516,4,46,1,1,2,1.13634872436523
516,4,47,1,1,2,0.749146461486816
516,4,48,1,1,1,0.745824813842773
516,4,49,1,1,2,0.918505430221558
516,4,50,1,1,2,0.915267467498779
516,4,51,1,1,1,0.895840167999268
516,4,52,1,1,2,0.671293497085571
516,4,53,1,1,2,0.90733814239502
516,4,54,1,1,1,0.870562314987183
516,4,55,1,1,2,0.794451475143433
516,4,56,1,1,1,0.918082475662231
516,4,57,1,1,2,0.929486274719238
516,4,58,1,1,2,1.19019913673401
516,4,59,1,1,2,1.22617840766907
516,4,60,1,1,2,1.21427655220032
519,1,1,2,NA,1,1.69112110137939
519,1,2,2,NA,1,0.838360548019409
519,1,3,2,NA,1,0.897959470748901
519,1,4,2,NA,2,1.03719878196716
519,1,5,2,NA,1,1.47407388687134
519,1,6,2,NA,1,1.07060933113098
519,1,7,2,NA,2,1.11538052558899
519,1,8,2,NA,1,0.950758457183838
519,1,9,2,NA,1,0.970667362213135
519,1,10,2,NA,1,0.807205200195312
519,1,11,2,NA,1,0.763059377670288
519,1,12,2,NA,1,0.830974578857422
519,1,13,2,NA,2,1.19002938270569
519,1,14,2,NA,1,1.16185450553894
519,1,15,2,NA,1,0.985560178756714
519,1,16,2,NA,1,0.853008270263672
519,1,17,2,NA,1,0.744477987289429
519,1,18,2,NA,1,0.948557138442993
519,1,19,2,NA,1,0
519,1,20,2,NA,1,0.869182348251343
519,1,21,2,NA,2,1.33666038513184
519,1,22,2,NA,1,0
519,1,23,2,NA,1,0.671508550643921
519,1,24,2,NA,1,1.39164113998413
519,1,25,2,NA,1,1.03964519500732
519,1,26,2,NA,1,1.5041012763977
519,1,27,2,NA,1,0.740755558013916
519,1,28,2,NA,1,0.856040239334106
519,1,29,2,NA,1,0.707579612731934
519,1,30,2,NA,1,0
519,1,31,2,NA,1,1.1242663860321
519,1,32,2,NA,2,1.28362989425659
519,1,33,2,NA,1,1.14455342292786
519,1,34,2,NA,1,0.696094512939453
519,1,35,2,NA,1,0.971598625183105
519,1,36,2,NA,1,0
519,1,37,2,NA,1,0.691068410873413
519,1,38,2,NA,2,0.975438833236694
519,1,39,2,NA,1,0.715275049209595
519,1,40,2,NA,1,0.655359506607056
519,1,41,2,NA,1,0.75194525718689
519,1,42,2,NA,1,0
519,1,43,2,NA,1,1.06840920448303
519,1,44,2,NA,1,0.625139713287354
519,1,45,2,NA,2,1.43772840499878
519,1,46,2,NA,1,1.39455676078796
519,1,47,2,NA,2,0.818079233169556
519,1,48,2,NA,1,0.681570053100586
519,1,49,2,NA,1,0.725224256515503
519,1,50,2,NA,1,0
519,1,51,2,NA,2,0
519,1,52,2,NA,1,0.692581176757812
519,1,53,2,NA,1,0.960233211517334
519,1,54,2,NA,1,0.667562246322632
519,1,55,2,NA,1,0.823187351226807
519,1,56,2,NA,2,0
519,1,57,2,NA,1,0.75985836982727
519,1,58,2,NA,1,1.17181634902954
519,1,59,2,NA,2,1.02417922019958
519,1,60,2,NA,2,1.27913975715637
519,2,1,1,0,2,1.02602028846741
519,2,2,1,0,2,1.9258234500885
519,2,3,1,0,2,0
519,2,4,1,0,2,1.14986824989319
519,2,5,1,0,2,0.929216861724854
519,2,6,1,0,1,0.925955057144165
519,2,7,1,0,2,0.977390289306641
519,2,8,1,0,2,1.06075835227966
519,2,9,1,0,2,1.67347359657288
519,2,10,1,0,2,1.35001230239868
519,2,11,1,0,2,0.881955146789551
519,2,12,1,0,2,1.13354635238647
519,2,13,1,0,2,1.01795649528503
519,2,14,1,0,2,0.973374366760254
519,2,15,1,0,2,0.913041353225708
519,2,16,1,0,2,0.996429204940796
519,2,17,1,0,2,1.44109082221985
519,2,18,1,0,2,0.868469715118408
519,2,19,1,0,2,0.904550790786743
519,2,20,1,0,2,0.820503234863281
519,2,21,1,0,2,0.966076374053955
519,2,22,1,0,2,1.33183360099792
519,2,23,1,0,2,1.06379079818726
519,2,24,1,0,1,1.04388618469238
519,2,25,1,0,2,1.41673922538757
519,2,26,1,0,1,0.780976295471191
519,2,27,1,0,1,0.816545248031616
519,2,28,1,0,2,0.741198062896729
519,2,29,1,0,1,0.832563400268555
519,2,30,1,0,2,0.868751049041748
519,2,31,1,0,2,1.08144950866699
519,2,32,1,0,2,1.29266929626465
519,2,33,1,0,2,0.713541269302368
519,2,34,1,0,1,1.67119240760803
519,2,35,1,0,1,0.707200288772583
519,2,36,1,0,2,1.06759452819824
519,2,37,1,0,2,0
519,2,38,1,0,2,0.93539571762085
519,2,39,1,0,2,0.874710321426392
519,2,40,1,0,2,0
519,2,41,1,0,2,1.05128693580627
519,2,42,1,0,2,1.07198357582092
519,2,43,1,0,2,0.820672273635864
519,2,44,1,0,2,0.840774297714233
519,2,45,1,0,2,1.02129459381104
519,2,46,1,0,2,1.05746340751648
519,2,47,1,0,2,0.862223625183105
519,2,48,1,0,2,0.826189994812012
519,2,49,1,0,2,1.28676962852478
519,2,50,1,0,2,0.81562614440918
519,2,51,1,0,1,1.14736270904541
519,2,52,1,0,2,1.28721618652344
519,2,53,1,0,2,0.826603651046753
519,2,54,1,0,2,0.846800327301025
519,2,55,1,0,1,0.664060354232788
519,2,56,1,0,1,0.83545708656311
519,2,57,1,0,2,0.932794332504272
519,2,58,1,0,2,0.7523353099823
519,2,59,1,0,1,0.74751091003418
519,2,60,1,0,1,0.95223331451416
519,3,1,1,NA,1,1.01538300514221
519,3,2,1,NA,2,0.796284675598145
519,3,3,1,NA,2,1.08037257194519
519,3,4,1,NA,2,1.08378958702087
519,3,5,1,NA,2,1.0235652923584
519,3,6,1,NA,2,1.31589722633362
519,3,7,1,NA,1,1.05589056015015
519,3,8,1,NA,1,0.915439128875732
519,3,9,1,NA,2,0.81481122970581
519,3,10,1,NA,1,0.793991327285767
519,3,11,1,NA,1,1.46307373046875
519,3,12,1,NA,2,0.90640139579773
519,3,13,1,NA,2,0.857825040817261
519,3,14,1,NA,2,0.782219409942627
519,3,15,1,NA,2,1.03736567497253
519,3,16,1,NA,2,1.03265929222107
519,3,17,1,NA,2,0.789504766464233
519,3,18,1,NA,2,1.22059321403503
519,3,19,1,NA,2,0.656045436859131
519,3,20,1,NA,1,0.852034330368042
519,3,21,1,NA,2,0.915317535400391
519,3,22,1,NA,2,0.875310182571411
519,3,23,1,NA,2,1.54369449615479
519,3,24,1,NA,2,0
519,3,25,1,NA,1,0
519,3,26,1,NA,2,1.63161730766296
519,3,27,1,NA,2,0
519,3,28,1,NA,2,1.39276504516602
519,3,29,1,NA,2,1.28478527069092
519,3,30,1,NA,2,1.17177820205688
519,3,31,1,NA,1,1.80054450035095
519,3,32,1,NA,2,1.98924422264099
519,3,33,1,NA,2,1.1298246383667
519,3,34,1,NA,2,0.77426028251648
519,3,35,1,NA,2,1.02196431159973
519,3,36,1,NA,2,0
519,3,37,1,NA,2,0.881780624389648
519,3,38,1,NA,2,0.917881488800049
519,3,39,1,NA,1,0.805171489715576
519,3,40,1,NA,2,0.984939336776733
519,3,41,1,NA,2,0.948302745819092
519,3,42,1,NA,2,0
519,3,43,1,NA,2,0.74102520942688
519,3,44,1,NA,2,0.816835641860962
519,3,45,1,NA,2,0
519,3,46,1,NA,2,0.957290172576904
519,3,47,1,NA,2,0
519,3,48,1,NA,2,0.861998558044434
519,3,49,1,NA,2,1.50975060462952
519,3,50,1,NA,2,0.832846164703369
519,3,51,1,NA,2,0.888088464736938
519,3,52,1,NA,2,0.928208351135254
519,3,53,1,NA,2,0.935753345489502
519,3,54,1,NA,1,1.29093933105469
519,3,55,1,NA,2,0
519,3,56,1,NA,2,0
519,3,57,1,NA,1,1.40120720863342
519,3,58,1,NA,2,0
519,3,59,1,NA,2,0.83196496963501
519,3,60,1,NA,1,1.03525424003601
519,4,1,1,1,2,1.95174860954285
519,4,2,1,1,2,0
519,4,3,1,1,2,1.5838463306427
519,4,4,1,1,2,0
519,4,5,1,1,2,0
519,4,6,1,1,2,0
519,4,7,1,1,2,0
519,4,8,1,1,2,1.2917902469635
519,4,9,1,1,2,0
519,4,10,1,1,1,0.956184387207031
519,4,11,1,1,2,0
519,4,12,1,1,2,0
519,4,13,1,1,2,0.769872426986694
519,4,14,1,1,2,0
519,4,15,1,1,1,0
519,4,16,1,1,2,1.56693887710571
519,4,17,1,1,1,1.03473353385925
519,4,18,1,1,1,0
519,4,19,1,1,2,1.08899736404419
519,4,20,1,1,1,0
519,4,21,1,1,2,0.713746309280396
519,4,22,1,1,2,0
519,4,23,1,1,2,0
519,4,24,1,1,2,1.46903729438782
519,4,25,1,1,1,1.21725606918335
519,4,26,1,1,2,0.957710266113281
519,4,27,1,1,2,0.985302925109863
519,4,28,1,1,1,0.646019220352173
519,4,29,1,1,2,0
519,4,30,1,1,2,1.24543523788452
519,4,31,1,1,2,1.07282948493958
519,4,32,1,1,2,0.900190591812134
519,4,33,1,1,2,0
519,4,34,1,1,1,0
519,4,35,1,1,2,0
519,4,36,1,1,2,0
519,4,37,1,1,2,0
519,4,38,1,1,2,0
519,4,39,1,1,1,0.684032917022705
519,4,40,1,1,1,1.3993353843689
519,4,41,1,1,2,0.991608381271362
519,4,42,1,1,2,0
519,4,43,1,1,2,0.853732109069824
519,4,44,1,1,2,1.15371060371399
519,4,45,1,1,2,0
519,4,46,1,1,2,0.735374450683594
519,4,47,1,1,2,1.03650736808777
519,4,48,1,1,2,0
519,4,49,1,1,2,0
519,4,50,1,1,2,0
519,4,51,1,1,2,0.87600302696228
519,4,52,1,1,2,0
519,4,53,1,1,2,0
519,4,54,1,1,2,0
519,4,55,1,1,2,0
519,4,56,1,1,2,0
519,4,57,1,1,1,0.70736837387085
519,4,58,1,1,2,0
519,4,59,1,1,1,0
519,4,60,1,1,2,0
520,1,1,2,NA,1,1.50887608528137
520,1,2,2,NA,2,1.0325813293457
520,1,3,2,NA,2,1.36437654495239
520,1,4,2,NA,1,1.0642523765564
520,1,5,2,NA,1,1.28359174728394
520,1,6,2,NA,1,1.41526627540588
520,1,7,2,NA,2,1.36377429962158
520,1,8,2,NA,2,1.36858439445496
520,1,9,2,NA,1,0.981202363967896
520,1,10,2,NA,1,0.776947259902954
520,1,11,2,NA,1,0.925341606140137
520,1,12,2,NA,1,1.10471820831299
520,1,13,2,NA,1,1.01572227478027
520,1,14,2,NA,1,0.80416750907898
520,1,15,2,NA,1,1.05569052696228
520,1,16,2,NA,1,0.936016082763672
520,1,17,2,NA,1,0.884064435958862
520,1,18,2,NA,2,1.57674026489258
520,1,19,2,NA,1,1.86821126937866
520,1,20,2,NA,1,1.21178698539734
520,1,21,2,NA,2,1.43118929862976
520,1,22,2,NA,2,1.96256828308105
520,1,23,2,NA,1,1.14619326591492
520,1,24,2,NA,1,0.92691159248352
520,1,25,2,NA,1,1.18631815910339
520,1,26,2,NA,1,1.08112549781799
520,1,27,2,NA,1,1.20589065551758
520,1,28,2,NA,1,1.27427196502686
520,1,29,2,NA,2,1.56144261360168
520,1,30,2,NA,1,0
520,1,31,2,NA,1,1.18912863731384
520,1,32,2,NA,2,1.5053973197937
520,1,33,2,NA,1,1.23790287971497
520,1,34,2,NA,2,1.65061235427856
520,1,35,2,NA,1,1.14317297935486
520,1,36,2,NA,2,1.26686716079712
520,1,37,2,NA,1,1.09888052940369
520,1,38,2,NA,1,1.17485737800598
520,1,39,2,NA,1,1.51750159263611
520,1,40,2,NA,1,1.44116950035095
520,1,41,2,NA,1,1.07715940475464
520,1,42,2,NA,1,1.27305459976196
520,1,43,2,NA,1,1.12542247772217
520,1,44,2,NA,1,1.07345724105835
520,1,45,2,NA,1,0.997454643249512
520,1,46,2,NA,1,1.26940059661865
520,1,47,2,NA,1,1.56091618537903
520,1,48,2,NA,1,0.92559027671814
520,1,49,2,NA,1,1.03658175468445
520,1,50,2,NA,1,0.849257707595825
520,1,51,2,NA,1,1.20606350898743
520,1,52,2,NA,1,1.05078673362732
520,1,53,2,NA,1,1.05822849273682
520,1,54,2,NA,1,0.965749263763428
520,1,55,2,NA,1,0.877348184585571
520,1,56,2,NA,1,1.08065295219421
520,1,57,2,NA,2,1.30869007110596
520,1,58,2,NA,1,1.00506854057312
520,1,59,2,NA,1,0.909175395965576
520,1,60,2,NA,1,1.264315366745
520,2,1,2,1,1,1.34751558303833
520,2,2,2,1,1,1.25623559951782
520,2,3,2,1,1,1.0928738117218
520,2,4,2,1,1,1.40029239654541
520,2,5,2,1,1,1.01172256469727
520,2,6,2,1,1,0.991753816604614
520,2,7,2,1,1,1.09961032867432
520,2,8,2,1,2,1.95250201225281
520,2,9,2,1,2,1.38788628578186
520,2,10,2,1,1,1.14404702186584
520,2,11,2,1,1,0.899419069290161
520,2,12,2,1,2,1.30338716506958
520,2,13,2,1,1,1.29927945137024
520,2,14,2,1,1,1.24811244010925
520,2,15,2,1,1,1.25222039222717
520,2,16,2,1,1,1.0794837474823
520,2,17,2,1,1,0.987718105316162
520,2,18,2,1,1,1.02355623245239
520,2,19,2,1,1,1.18756341934204
520,2,20,2,1,1,1.16139435768127
520,2,21,2,1,1,1.80478143692017
520,2,22,2,1,1,1.25747847557068
520,2,23,2,1,1,0.846247673034668
520,2,24,2,1,1,1.01736044883728
520,2,25,2,1,1,1.11701726913452
520,2,26,2,1,1,0.98158860206604
520,2,27,2,1,2,1.04879331588745
520,2,28,2,1,1,1.03616642951965
520,2,29,2,1,1,0.888779163360596
520,2,30,2,1,1,1.09324145317078
520,2,31,2,1,1,0.937455415725708
520,2,32,2,1,1,1.7974865436554
520,2,33,2,1,1,0.968489170074463
520,2,34,2,1,1,0.862308502197266
520,2,35,2,1,1,1.02527737617493
520,2,36,2,1,1,1.26970720291138
520,2,37,2,1,2,1.32927536964417
520,2,38,2,1,1,1.09400868415833
520,2,39,2,1,1,1.12208843231201
520,2,40,2,1,1,0.9226975440979
520,2,41,2,1,1,1.01543569564819
520,2,42,2,1,2,1.7073495388031
520,2,43,2,1,2,1.04670667648315
520,2,44,2,1,1,0.80341625213623
520,2,45,2,1,2,1.17621159553528
520,2,46,2,1,1,1.04341053962708
520,2,47,2,1,1,1.22438740730286
520,2,48,2,1,1,1.00136852264404
520,2,49,2,1,2,1.20544528961182
520,2,50,2,1,1,1.28144812583923
520,2,51,2,1,1,1.03727674484253
520,2,52,2,1,1,0.911425828933716
520,2,53,2,1,1,1.02678823471069
520,2,54,2,1,2,0
520,2,55,2,1,1,1.28414607048035
520,2,56,2,1,2,1.93681359291077
520,2,57,2,1,1,1.35112047195435
520,2,58,2,1,2,1.52771854400635
520,2,59,2,1,1,1.35784530639648
520,2,60,2,1,1,1.05718541145325
520,3,1,2,NA,1,1.28737783432007
520,3,2,2,NA,2,1.1868999004364
520,3,3,2,NA,1,1.439692735672
520,3,4,2,NA,1,1.28280186653137
520,3,5,2,NA,1,0
520,3,6,2,NA,2,1.27617502212524
520,3,7,2,NA,1,1.44113230705261
520,3,8,2,NA,1,0.90983247756958
520,3,9,2,NA,1,0.929882287979126
520,3,10,2,NA,1,0.893319129943848
520,3,11,2,NA,1,0.937405586242676
520,3,12,2,NA,1,1.13340091705322
520,3,13,2,NA,2,0
520,3,14,2,NA,1,0.773929119110107
520,3,15,2,NA,1,0.898841381072998
520,3,16,2,NA,1,0.910833120346069
520,3,17,2,NA,1,1.20357036590576
520,3,18,2,NA,1,0.934997320175171
520,3,19,2,NA,1,0
520,3,20,2,NA,1,1.134765625
520,3,21,2,NA,1,0.778420686721802
520,3,22,2,NA,1,0.814071655273438
520,3,23,2,NA,1,0.769255638122559
520,3,24,2,NA,1,0.928560495376587
520,3,25,2,NA,1,1.24524831771851
520,3,26,2,NA,2,1.15331554412842
520,3,27,2,NA,2,1.41624355316162
520,3,28,2,NA,1,0.952423334121704
520,3,29,2,NA,1,0.805119037628174
520,3,30,2,NA,2,0.889759302139282
520,3,31,2,NA,1,0.91783618927002
520,3,32,2,NA,1,1.00926327705383
520,3,33,2,NA,1,0.928784132003784
520,3,34,2,NA,1,0.765478134155273
520,3,35,2,NA,1,0.824740409851074
520,3,36,2,NA,2,1.39639258384705
520,3,37,2,NA,1,0.904375553131104
520,3,38,2,NA,1,0.983381032943726
520,3,39,2,NA,1,0.963343381881714
520,3,40,2,NA,2,1.46341466903687
520,3,41,2,NA,1,0.747417449951172
520,3,42,2,NA,1,1.95213747024536
520,3,43,2,NA,2,0.984416246414185
520,3,44,2,NA,1,1.03097867965698
520,3,45,2,NA,1,0.970926761627197
520,3,46,2,NA,1,0.697712659835815
520,3,47,2,NA,1,0.70473313331604
520,3,48,2,NA,1,0.909356355667114
520,3,49,2,NA,1,0.848602294921875
520,3,50,2,NA,2,1.24030137062073
520,3,51,2,NA,1,1.08481049537659
520,3,52,2,NA,1,0.93637228012085
520,3,53,2,NA,1,0.868395805358887
520,3,54,2,NA,1,0.776182174682617
520,3,55,2,NA,1,0.820472717285156
520,3,56,2,NA,1,0.968886375427246
520,3,57,2,NA,2,1.03181552886963
520,3,58,2,NA,2,1.00417709350586
520,3,59,2,NA,1,0.796212673187256
520,3,60,2,NA,1,0
520,4,1,1,0,2,1.20221519470215
520,4,2,1,0,2,0.99812126159668
520,4,3,1,0,2,0.938821315765381
520,4,4,1,0,2,1.51147389411926
520,4,5,1,0,2,1.1001980304718
520,4,6,1,0,1,0.792017221450806
520,4,7,1,0,1,0.716981649398804
520,4,8,1,0,1,0.793443202972412
520,4,9,1,0,2,1.28540301322937
520,4,10,1,0,2,0.889052391052246
520,4,11,1,0,2,0.948486089706421
520,4,12,1,0,1,0.999218463897705
520,4,13,1,0,2,1.10718607902527
520,4,14,1,0,2,1.39304900169373
520,4,15,1,0,2,0.91647458076477
520,4,16,1,0,2,1.1831431388855
520,4,17,1,0,2,1.18773722648621
520,4,18,1,0,2,0.93563437461853
520,4,19,1,0,2,0.860299587249756
520,4,20,1,0,2,1.3597903251648
520,4,21,1,0,1,0.867729425430298
520,4,22,1,0,2,1.00739145278931
520,4,23,1,0,2,0.959823131561279
520,4,24,1,0,1,0.995220422744751
520,4,25,1,0,2,1.02368354797363
520,4,26,1,0,2,1.78259229660034
520,4,27,1,0,2,0.939512491226196
520,4,28,1,0,2,1.02375912666321
520,4,29,1,0,2,0.984251499176025
520,4,30,1,0,2,1.0530321598053
520,4,31,1,0,2,1.0736870765686
520,4,32,1,0,2,1.42974066734314
520,4,33,1,0,1,1.09841656684875
520,4,34,1,0,2,0.958484411239624
520,4,35,1,0,2,1.01895666122437
520,4,36,1,0,2,0.88887882232666
520,4,37,1,0,2,1.06823515892029
520,4,38,1,0,2,0.874571084976196
520,4,39,1,0,1,0.90323281288147
520,4,40,1,0,2,0.915313005447388
520,4,41,1,0,1,0.518302440643311
520,4,42,1,0,2,0.978756189346313
520,4,43,1,0,1,0.862586498260498
520,4,44,1,0,2,1.03462052345276
520,4,45,1,0,2,1.48696827888489
520,4,46,1,0,2,1.13893723487854
520,4,47,1,0,2,1.34322929382324
520,4,48,1,0,2,1.15563440322876
520,4,49,1,0,2,1.02272200584412
520,4,50,1,0,2,0.938515663146973
520,4,51,1,0,2,0.934529542922974
520,4,52,1,0,2,0.850002527236938
520,4,53,1,0,2,1.03263854980469
520,4,54,1,0,1,0.947377681732178
520,4,55,1,0,2,0.981785297393799
520,4,56,1,0,2,1.31428623199463
520,4,57,1,0,1,0.745603322982788
520,4,58,1,0,2,0
520,4,59,1,0,2,1.14568209648132
520,4,60,1,0,2,1.15843725204468
522,1,1,2,NA,1,1.41717720031738
522,1,2,2,NA,2,0.885201692581177
522,1,3,2,NA,1,0
522,1,4,2,NA,1,1.0449812412262
522,1,5,2,NA,1,1.06583666801453
522,1,6,2,NA,1,0.917938232421875
522,1,7,2,NA,1,0.7851402759552
522,1,8,2,NA,1,1.26085519790649
522,1,9,2,NA,1,0.913451194763184
522,1,10,2,NA,1,0.725661277770996
522,1,11,2,NA,1,1.04140162467957
522,1,12,2,NA,2,1.27669930458069
522,1,13,2,NA,1,1.14127159118652
522,1,14,2,NA,1,0.755842447280884
522,1,15,2,NA,1,1.28852128982544
522,1,16,2,NA,2,1.40431976318359
522,1,17,2,NA,1,0.835216522216797
522,1,18,2,NA,1,0.8632972240448
522,1,19,2,NA,1,1.18349051475525
522,1,20,2,NA,1,1.09221720695496
522,1,21,2,NA,1,0.904428005218506
522,1,22,2,NA,1,1.18380904197693
522,1,23,2,NA,2,1.74782252311707
522,1,24,2,NA,1,1.05857634544373
522,1,25,2,NA,1,0.970366716384888
522,1,26,2,NA,1,1.038001537323
522,1,27,2,NA,1,1.20180439949036
522,1,28,2,NA,2,0.981067419052124
522,1,29,2,NA,1,0
522,1,30,2,NA,1,1.09679841995239
522,1,31,2,NA,1,0.924276113510132
522,1,32,2,NA,2,0
522,1,33,2,NA,1,0
522,1,34,2,NA,1,0.881534576416016
522,1,35,2,NA,1,1.3816294670105
522,1,36,2,NA,1,0.857763290405273
522,1,37,2,NA,1,0.757173299789429
522,1,38,2,NA,2,1.40048909187317
522,1,39,2,NA,1,1.16533827781677
522,1,40,2,NA,2,0.8571937084198
522,1,41,2,NA,1,1.02980756759644
522,1,42,2,NA,1,0
522,1,43,2,NA,2,0.930692911148071
522,1,44,2,NA,1,0.638434171676636
522,1,45,2,NA,1,0.969751358032227
522,1,46,2,NA,2,1.2064106464386
522,1,47,2,NA,1,0.489869117736816
522,1,48,2,NA,1,0.973849534988403
522,1,49,2,NA,1,1.02624320983887
522,1,50,2,NA,1,0.866168260574341
522,1,51,2,NA,1,0.881664752960205
522,1,52,2,NA,2,1.37789249420166
522,1,53,2,NA,1,0.653212070465088
522,1,54,2,NA,1,0.84131932258606
522,1,55,2,NA,2,1.01402449607849
522,1,56,2,NA,1,1.37360835075378
522,1,57,2,NA,1,0
522,1,58,2,NA,1,0.758158206939697
522,1,59,2,NA,1,0.877224206924438
522,1,60,2,NA,1,0.769761323928833
522,2,1,2,1,2,1.43570685386658
522,2,2,2,1,1,1.66315054893494
522,2,3,2,1,1,0.730582237243652
522,2,4,2,1,1,0.902626276016235
522,2,5,2,1,1,1.21813440322876
522,2,6,2,1,1,0.902715444564819
522,2,7,2,1,1,1.12273716926575
522,2,8,2,1,1,0.823342084884644
522,2,9,2,1,1,0.884092092514038
522,2,10,2,1,1,0.840583562850952
522,2,11,2,1,1,0.916168689727783
522,2,12,2,1,1,0.93601131439209
522,2,13,2,1,2,0
522,2,14,2,1,1,0.639746904373169
522,2,15,2,1,1,0.413976669311523
522,2,16,2,1,2,1.85549640655518
522,2,17,2,1,1,0.842791557312012
522,2,18,2,1,1,1.07019829750061
522,2,19,2,1,1,0.747857570648193
522,2,20,2,1,1,1.56918740272522
522,2,21,2,1,1,0.787957429885864
522,2,22,2,1,2,1.64398431777954
522,2,23,2,1,1,0.896084070205688
522,2,24,2,1,1,1.50713062286377
522,2,25,2,1,1,0.752168655395508
522,2,26,2,1,1,0.693621635437012
522,2,27,2,1,2,1.5862443447113
522,2,28,2,1,1,1.4686164855957
522,2,29,2,1,1,0.77640438079834
522,2,30,2,1,1,0.748799085617065
522,2,31,2,1,1,0.728857278823853
522,2,32,2,1,2,1.0440309047699
522,2,33,2,1,1,1.31283354759216
522,2,34,2,1,1,0.89329195022583
522,2,35,2,1,1,1.1489953994751
522,2,36,2,1,1,0.768083333969116
522,2,37,2,1,1,1.33177256584167
522,2,38,2,1,1,0.991892099380493
522,2,39,2,1,1,0.947242021560669
522,2,40,2,1,1,1.01573157310486
522,2,41,2,1,1,0.668097734451294
522,2,42,2,1,1,0.202096462249756
522,2,43,2,1,1,0.965498447418213
522,2,44,2,1,2,1.27618145942688
522,2,45,2,1,2,0.816838264465332
522,2,46,2,1,1,0.762904405593872
522,2,47,2,1,2,0.736995220184326
522,2,48,2,1,1,0.789314985275269
522,2,49,2,1,1,0.745584487915039
522,2,50,2,1,1,0.757301330566406
522,2,51,2,1,2,1.65731120109558
522,2,52,2,1,1,1.67804527282715
522,2,53,2,1,1,1.48946952819824
522,2,54,2,1,1,1.15009665489197
522,2,55,2,1,2,1.68775486946106
522,2,56,2,1,1,1.26760339736938
522,2,57,2,1,1,0.671801090240479
522,2,58,2,1,1,0.739870548248291
522,2,59,2,1,2,1.48036456108093
522,2,60,2,1,1,1.36519145965576
522,3,1,2,NA,1,1.28664445877075
522,3,2,2,NA,1,1.08227586746216
522,3,3,2,NA,1,0
522,3,4,2,NA,1,0.76884126663208
522,3,5,2,NA,1,1.53294038772583
522,3,6,2,NA,1,0.888413190841675
522,3,7,2,NA,2,1.29175138473511
522,3,8,2,NA,1,0
522,3,9,2,NA,1,1.06917119026184
522,3,10,2,NA,1,0.649500370025635
522,3,11,2,NA,1,0.221420526504517
522,3,12,2,NA,2,1.52473926544189
522,3,13,2,NA,1,1.5524411201477
522,3,14,2,NA,1,1.08377933502197
522,3,15,2,NA,2,1.21175050735474
522,3,16,2,NA,1,0.648746013641357
522,3,17,2,NA,1,0.787979125976562
522,3,18,2,NA,1,0.843719482421875
522,3,19,2,NA,1,0.755508422851562
522,3,20,2,NA,1,0.712052345275879
522,3,21,2,NA,1,1.52368569374084
522,3,22,2,NA,1,0.711926937103271
522,3,23,2,NA,1,0.715526103973389
522,3,24,2,NA,1,0.750854015350342
522,3,25,2,NA,1,0.635607957839966
522,3,26,2,NA,2,1.40770030021667
522,3,27,2,NA,1,1.09906101226807
522,3,28,2,NA,1,1.27939391136169
522,3,29,2,NA,1,1.18842220306396
522,3,30,2,NA,2,1.42860245704651
522,3,31,2,NA,1,0.577130556106567
522,3,32,2,NA,1,0.685344457626343
522,3,33,2,NA,1,0.649375677108765
522,3,34,2,NA,2,0
522,3,35,2,NA,1,1.27332139015198
522,3,36,2,NA,1,1.17290019989014
522,3,37,2,NA,1,1.22111344337463
522,3,38,2,NA,2,0.933328151702881
522,3,39,2,NA,1,0.553979873657227
522,3,40,2,NA,2,1.34135031700134
522,3,41,2,NA,1,0.744649648666382
522,3,42,2,NA,1,1.14154314994812
522,3,43,2,NA,1,1.10561060905457
522,3,44,2,NA,1,0.725669384002686
522,3,45,2,NA,1,1.18176412582397
522,3,46,2,NA,1,0.761249780654907
522,3,47,2,NA,1,0.952634572982788
522,3,48,2,NA,2,0.960736036300659
522,3,49,2,NA,1,1.773362159729
522,3,50,2,NA,2,0.824912786483765
522,3,51,2,NA,1,0
522,3,52,2,NA,1,0.90870475769043
522,3,53,2,NA,1,0.904150009155273
522,3,54,2,NA,1,0.84481930732727
522,3,55,2,NA,1,0.901012182235718
522,3,56,2,NA,2,0.948047399520874
522,3,57,2,NA,1,1.09888935089111
522,3,58,2,NA,1,0.702951431274414
522,3,59,2,NA,1,1.67849946022034
522,3,60,2,NA,2,1.12261009216309
522,4,1,1,0,2,0
522,4,2,1,0,2,1.00429725646973
522,4,3,1,0,2,1.64771056175232
522,4,4,1,0,1,0.939762353897095
522,4,5,1,0,2,1.63243126869202
522,4,6,1,0,2,0.90046763420105
522,4,7,1,0,2,1.39253783226013
522,4,8,1,0,2,1.64516592025757
522,4,9,1,0,1,0.824548244476318
522,4,10,1,0,2,1.04383063316345
522,4,11,1,0,2,0
522,4,12,1,0,2,0.933088064193726
522,4,13,1,0,2,0.864409446716309
522,4,14,1,0,1,0.933072328567505
522,4,15,1,0,2,0.944545269012451
522,4,16,1,0,2,0.938167810440063
522,4,17,1,0,2,0.805787086486816
522,4,18,1,0,2,1.28973245620728
522,4,19,1,0,2,1.08262205123901
522,4,20,1,0,2,1.75816130638123
522,4,21,1,0,2,1.52118921279907
522,4,22,1,0,2,0
522,4,23,1,0,2,1.16206955909729
522,4,24,1,0,2,1.2855920791626
522,4,25,1,0,1,1.54624819755554
522,4,26,1,0,2,1.32575750350952
522,4,27,1,0,2,1.42733550071716
522,4,28,1,0,1,1.31053638458252
522,4,29,1,0,2,1.90748858451843
522,4,30,1,0,1,1.28728485107422
522,4,31,1,0,2,1.33086848258972
522,4,32,1,0,1,1.19837260246277
522,4,33,1,0,2,0
522,4,34,1,0,2,1.69567656517029
522,4,35,1,0,2,0
522,4,36,1,0,2,1.12266039848328
522,4,37,1,0,2,1.04635548591614
522,4,38,1,0,2,1.18700933456421
522,4,39,1,0,2,1.01452851295471
522,4,40,1,0,1,1.26582837104797
522,4,41,1,0,2,1.55025124549866
522,4,42,1,0,2,0.954432010650635
522,4,43,1,0,2,1.32459545135498
522,4,44,1,0,2,1.0237991809845
522,4,45,1,0,2,1.24766850471497
522,4,46,1,0,1,1.25203990936279
522,4,47,1,0,2,0.981013298034668
522,4,48,1,0,1,1.16970467567444
522,4,49,1,0,1,1.74970960617065
522,4,50,1,0,2,1.31438755989075
522,4,51,1,0,1,1.62252426147461
522,4,52,1,0,2,1.06856942176819
522,4,53,1,0,2,0.969488143920898
522,4,54,1,0,2,0.693454265594482
522,4,55,1,0,2,0.849466800689697
522,4,56,1,0,2,0.820975303649902
522,4,57,1,0,2,0.764967441558838
522,4,58,1,0,2,0.871598243713379
522,4,59,1,0,2,0.759367227554321
522,4,60,1,0,2,1.18644523620605
524,1,1,1,NA,2,0
524,1,2,1,NA,2,0
524,1,3,1,NA,2,0
524,1,4,1,NA,1,0.0942840576171875
524,1,5,1,NA,2,0
524,1,6,1,NA,2,1.81447148323059
524,1,7,1,NA,2,0
524,1,8,1,NA,2,1.39121031761169
524,1,9,1,NA,2,0
524,1,10,1,NA,2,0
524,1,11,1,NA,2,1.36316347122192
524,1,12,1,NA,2,1.11059474945068
524,1,13,1,NA,2,1.96627950668335
524,1,14,1,NA,2,1.32164144515991
524,1,15,1,NA,2,1.9847776889801
524,1,16,1,NA,2,1.12830924987793
524,1,17,1,NA,2,0
524,1,18,1,NA,2,0
524,1,19,1,NA,2,0
524,1,20,1,NA,2,1.03932809829712
524,1,21,1,NA,2,1.34694838523865
524,1,22,1,NA,2,1.53409647941589
524,1,23,1,NA,1,1.49904847145081
524,1,24,1,NA,1,1.08762001991272
524,1,25,1,NA,1,1.27158546447754
524,1,26,1,NA,2,1.15951418876648
524,1,27,1,NA,2,0
524,1,28,1,NA,1,0.906768560409546
524,1,29,1,NA,1,1.14319133758545
524,1,30,1,NA,2,0
524,1,31,1,NA,2,0
524,1,32,1,NA,1,0
524,1,33,1,NA,2,1.73478531837463
524,1,34,1,NA,2,0
524,1,35,1,NA,2,0
524,1,36,1,NA,1,1.67104649543762
524,1,37,1,NA,2,0
524,1,38,1,NA,2,0
524,1,39,1,NA,2,1.19081044197083
524,1,40,1,NA,2,0
524,1,41,1,NA,2,0
524,1,42,1,NA,2,1.81622529029846
524,1,43,1,NA,2,0
524,1,44,1,NA,2,0
524,1,45,1,NA,2,1.90779566764832
524,1,46,1,NA,2,0
524,1,47,1,NA,1,1.30198049545288
524,1,48,1,NA,2,0
524,1,49,1,NA,2,0
524,1,50,1,NA,1,1.4822826385498
524,1,51,1,NA,2,1.462965965271
524,1,52,1,NA,2,0
524,1,53,1,NA,2,1.72938060760498
524,1,54,1,NA,1,0
524,1,55,1,NA,2,0
524,1,56,1,NA,2,1.10568451881409
524,1,57,1,NA,2,1.37724852561951
524,1,58,1,NA,2,0
524,1,59,1,NA,2,0
524,1,60,1,NA,1,1.39729952812195
524,2,1,1,1,2,0
524,2,2,1,1,2,1.61029386520386
524,2,3,1,1,1,1.35009741783142
524,2,4,1,1,2,0
524,2,5,1,1,1,1.8371753692627
524,2,6,1,1,2,0
524,2,7,1,1,2,0
524,2,8,1,1,2,0
524,2,9,1,1,1,0
524,2,10,1,1,2,0
524,2,11,1,1,2,0
524,2,12,1,1,2,0
524,2,13,1,1,1,0
524,2,14,1,1,2,0
524,2,15,1,1,2,0
524,2,16,1,1,2,0
524,2,17,1,1,2,0
524,2,18,1,1,2,1.72951650619507
524,2,19,1,1,2,1.89297270774841
524,2,20,1,1,2,0
524,2,21,1,1,2,1.9256865978241
524,2,22,1,1,2,0
524,2,23,1,1,2,1.7100203037262
524,2,24,1,1,1,0
524,2,25,1,1,2,0
524,2,26,1,1,2,0
524,2,27,1,1,2,1.73115611076355
524,2,28,1,1,2,0
524,2,29,1,1,2,0
524,2,30,1,1,2,1.74326777458191
524,2,31,1,1,2,0
524,2,32,1,1,1,0
524,2,33,1,1,2,0
524,2,34,1,1,2,0
524,2,35,1,1,2,0
524,2,36,1,1,2,1.66972541809082
524,2,37,1,1,1,0
524,2,38,1,1,2,1.86843276023865
524,2,39,1,1,2,1.70123910903931
524,2,40,1,1,2,0
524,2,41,1,1,2,0
524,2,42,1,1,1,0
524,2,43,1,1,2,0
524,2,44,1,1,2,0
524,2,45,1,1,2,0
524,2,46,1,1,2,0
524,2,47,1,1,2,1.5449845790863
524,2,48,1,1,2,1.3163366317749
524,2,49,1,1,1,1.69164323806763
524,2,50,1,1,1,0
524,2,51,1,1,2,1.37973523139954
524,2,52,1,1,2,1.20769095420837
524,2,53,1,1,2,0
524,2,54,1,1,2,0
524,2,55,1,1,1,1.73939085006714
524,2,56,1,1,2,1.36679625511169
524,2,57,1,1,1,1.84278249740601
524,2,58,1,1,2,1.63818120956421
524,2,59,1,1,2,0
524,2,60,1,1,2,1.60570597648621
524,3,1,1,NA,2,1.28434753417969
524,3,2,1,NA,2,1.47988843917847
524,3,3,1,NA,2,1.30709648132324
524,3,4,1,NA,2,1.80736565589905
524,3,5,1,NA,2,1.26640510559082
524,3,6,1,NA,2,0.862134218215942
524,3,7,1,NA,1,1.94576501846313
524,3,8,1,NA,2,0
524,3,9,1,NA,2,1.64910078048706
524,3,10,1,NA,2,1.30159544944763
524,3,11,1,NA,2,1.57037997245789
524,3,12,1,NA,1,0
524,3,13,1,NA,2,0
524,3,14,1,NA,2,0
524,3,15,1,NA,2,1.69415974617004
524,3,16,1,NA,2,0
524,3,17,1,NA,1,1.65485882759094
524,3,18,1,NA,2,1.25029015541077
524,3,19,1,NA,1,1.77493143081665
524,3,20,1,NA,2,1.85096645355225
524,3,21,1,NA,2,0
524,3,22,1,NA,2,1.65467238426208
524,3,23,1,NA,1,1.93073558807373
524,3,24,1,NA,1,0
524,3,25,1,NA,2,0
524,3,26,1,NA,1,1.72805333137512
524,3,27,1,NA,2,1.5485634803772
524,3,28,1,NA,1,1.19225406646729
524,3,29,1,NA,2,0
524,3,30,1,NA,2,0
524,3,31,1,NA,2,1.31230545043945
524,3,32,1,NA,2,0
524,3,33,1,NA,2,1.29547357559204
524,3,34,1,NA,2,1.41103625297546
524,3,35,1,NA,2,0
524,3,36,1,NA,1,1.89003324508667
524,3,37,1,NA,2,1.65422868728638
524,3,38,1,NA,2,1.46635174751282
524,3,39,1,NA,2,1.57710862159729
524,3,40,1,NA,2,1.95670342445374
524,3,41,1,NA,2,1.48069906234741
524,3,42,1,NA,1,0
524,3,43,1,NA,2,1.94479060173035
524,3,44,1,NA,2,1.80486011505127
524,3,45,1,NA,2,0
524,3,46,1,NA,2,0
524,3,47,1,NA,2,1.26593565940857
524,3,48,1,NA,1,0
524,3,49,1,NA,2,0
524,3,50,1,NA,2,0
524,3,51,1,NA,2,1.41490530967712
524,3,52,1,NA,2,1.74628829956055
524,3,53,1,NA,2,0
524,3,54,1,NA,2,1.62132477760315
524,3,55,1,NA,1,1.56057691574097
524,3,56,1,NA,2,1.38434863090515
524,3,57,1,NA,2,1.58840227127075
524,3,58,1,NA,2,0
524,3,59,1,NA,2,0
524,3,60,1,NA,2,1.20022821426392
524,4,1,2,0,1,1.4294581413269
524,4,2,2,0,1,0
524,4,3,2,0,1,1.33359241485596
524,4,4,2,0,1,1.92959952354431
524,4,5,2,0,2,1.26970934867859
524,4,6,2,0,1,1.96917033195496
524,4,7,2,0,1,0
524,4,8,2,0,1,1.36177730560303
524,4,9,2,0,1,1.8465576171875
524,4,10,2,0,1,1.6349196434021
524,4,11,2,0,1,0.879730463027954
524,4,12,2,0,1,1.4124321937561
524,4,13,2,0,1,1.11194634437561
524,4,14,2,0,1,0
524,4,15,2,0,2,1.61624360084534
524,4,16,2,0,1,0
524,4,17,2,0,1,1.36160516738892
524,4,18,2,0,2,1.47034931182861
524,4,19,2,0,1,1.1783185005188
524,4,20,2,0,1,1.65769362449646
524,4,21,2,0,1,1.52539753913879
524,4,22,2,0,1,1.67763519287109
524,4,23,2,0,2,1.24173164367676
524,4,24,2,0,1,1.26937317848206
524,4,25,2,0,1,1.48178386688232
524,4,26,2,0,2,0
524,4,27,2,0,1,1.09723615646362
524,4,28,2,0,1,1.69272994995117
524,4,29,2,0,1,1.40937447547913
524,4,30,2,0,1,1.27641367912292
524,4,31,2,0,1,1.70568203926086
524,4,32,2,0,1,1.86280250549316
524,4,33,2,0,1,1.41085529327393
524,4,34,2,0,1,1.38226819038391
524,4,35,2,0,1,0
524,4,36,2,0,1,0
524,4,37,2,0,2,1.61661338806152
524,4,38,2,0,1,1.56108856201172
524,4,39,2,0,1,1.34061503410339
524,4,40,2,0,2,1.33726644515991
524,4,41,2,0,1,1.46080493927002
524,4,42,2,0,1,1.55256032943726
524,4,43,2,0,1,1.2679123878479
524,4,44,2,0,1,1.02395725250244
524,4,45,2,0,2,1.30895304679871
524,4,46,2,0,2,1.59289908409119
524,4,47,2,0,1,1.38844037055969
524,4,48,2,0,1,0
524,4,49,2,0,2,1.58815026283264
524,4,50,2,0,1,1.32225131988525
524,4,51,2,0,2,1.3910083770752
524,4,52,2,0,1,1.25064468383789
524,4,53,2,0,1,0
524,4,54,2,0,1,1.75041484832764
524,4,55,2,0,1,1.31361389160156
524,4,56,2,0,2,1.92648839950562
524,4,57,2,0,1,1.78854823112488
524,4,58,2,0,1,1.31551241874695
524,4,59,2,0,1,1.63901829719543
524,4,60,2,0,1,1.48308515548706
525,1,1,2,NA,1,1.63388657569885
525,1,2,2,NA,1,1.71731853485107
525,1,3,2,NA,2,1.26474738121033
525,1,4,2,NA,1,1.14817643165588
525,1,5,2,NA,1,0
525,1,6,2,NA,1,0.923593759536743
525,1,7,2,NA,2,0
525,1,8,2,NA,1,1.54808235168457
525,1,9,2,NA,1,0
525,1,10,2,NA,1,1.18725323677063
525,1,11,2,NA,1,1.19986748695374
525,1,12,2,NA,2,0
525,1,13,2,NA,1,0
525,1,14,2,NA,2,0
525,1,15,2,NA,1,1.0163631439209
525,1,16,2,NA,1,0
525,1,17,2,NA,1,0
525,1,18,2,NA,1,0.796615362167358
525,1,19,2,NA,1,1.26868319511414
525,1,20,2,NA,1,1.12111854553223
525,1,21,2,NA,2,1.49312329292297
525,1,22,2,NA,1,1.06058120727539
525,1,23,2,NA,1,0
525,1,24,2,NA,2,0.888303518295288
525,1,25,2,NA,1,1.253178358078
525,1,26,2,NA,1,0.980033874511719
525,1,27,2,NA,1,1.89896941184998
525,1,28,2,NA,1,0
525,1,29,2,NA,1,0.999243497848511
525,1,30,2,NA,1,1.6906316280365
525,1,31,2,NA,2,1.24222850799561
525,1,32,2,NA,1,0.918216466903687
525,1,33,2,NA,1,0
525,1,34,2,NA,1,1.01078748703003
525,1,35,2,NA,2,1.03452467918396
525,1,36,2,NA,1,1.20157432556152
525,1,37,2,NA,1,1.08485245704651
525,1,38,2,NA,1,0.664368629455566
525,1,39,2,NA,2,0
525,1,40,2,NA,2,0
525,1,41,2,NA,1,0.928064107894897
525,1,42,2,NA,1,0
525,1,43,2,NA,1,0.828310489654541
525,1,44,2,NA,1,1.28826928138733
525,1,45,2,NA,1,0.67200517654419
525,1,46,2,NA,1,0
525,1,47,2,NA,1,1.02501797676086
525,1,48,2,NA,1,1.596675157547
525,1,49,2,NA,1,1.82489538192749
525,1,50,2,NA,1,1.52453565597534
525,1,51,2,NA,2,1.21627402305603
525,1,52,2,NA,1,0
525,1,53,2,NA,1,1.28374099731445
525,1,54,2,NA,1,1.36002731323242
525,1,55,2,NA,2,1.78870868682861
525,1,56,2,NA,1,1.35990858078003
525,1,57,2,NA,1,0
525,1,58,2,NA,1,1.40939211845398
525,1,59,2,NA,1,1.21712350845337
525,1,60,2,NA,1,0
525,2,1,2,1,2,0
525,2,2,2,1,1,1.93521642684937
525,2,3,2,1,2,1.66709589958191
525,2,4,2,1,1,1.55044102668762
525,2,5,2,1,1,0
525,2,6,2,1,1,1.03056764602661
525,2,7,2,1,1,1.76211667060852
525,2,8,2,1,1,0
525,2,9,2,1,1,0.890264511108398
525,2,10,2,1,1,0
525,2,11,2,1,1,0.842839002609253
525,2,12,2,1,1,0.848464727401733
525,2,13,2,1,1,1.08392095565796
525,2,14,2,1,1,0
525,2,15,2,1,2,0
525,2,16,2,1,1,0
525,2,17,2,1,2,1.53439092636108
525,2,18,2,1,1,1.10665607452393
525,2,19,2,1,1,1.04593420028687
525,2,20,2,1,1,0
525,2,21,2,1,1,1.50384783744812
525,2,22,2,1,2,0
525,2,23,2,1,2,1.26369643211365
525,2,24,2,1,1,1.8761739730835
525,2,25,2,1,1,0
525,2,26,2,1,1,1.60103178024292
525,2,27,2,1,1,0
525,2,28,2,1,1,1.21730351448059
525,2,29,2,1,1,1.26901125907898
525,2,30,2,1,1,0
525,2,31,2,1,1,0.777441501617432
525,2,32,2,1,1,1.1745023727417
525,2,33,2,1,1,0.834810733795166
525,2,34,2,1,1,0.680607318878174
525,2,35,2,1,1,0
525,2,36,2,1,2,0.968686819076538
525,2,37,2,1,1,1.46129179000854
525,2,38,2,1,1,0.729303598403931
525,2,39,2,1,1,1.02844572067261
525,2,40,2,1,1,0
525,2,41,2,1,1,1.54195618629456
525,2,42,2,1,1,0.802658557891846
525,2,43,2,1,1,0.870863676071167
525,2,44,2,1,1,0
525,2,45,2,1,1,0.956067323684692
525,2,46,2,1,1,0.961757659912109
525,2,47,2,1,1,0.935872793197632
525,2,48,2,1,2,0
525,2,49,2,1,1,1.16283750534058
525,2,50,2,1,1,1.39017152786255
525,2,51,2,1,1,0.85011100769043
525,2,52,2,1,2,1.43765044212341
525,2,53,2,1,1,1.08254551887512
525,2,54,2,1,2,1.49472594261169
525,2,55,2,1,1,0
525,2,56,2,1,2,0
525,2,57,2,1,2,1.23087501525879
525,2,58,2,1,1,0
525,2,59,2,1,1,0.958919763565063
525,2,60,2,1,1,0.722343444824219
525,3,1,2,NA,2,0
525,3,2,2,NA,2,0.70048451423645
525,3,3,2,NA,1,0.232539653778076
525,3,4,2,NA,1,0.676582336425781
525,3,5,2,NA,1,1.43336248397827
525,3,6,2,NA,1,0.764366149902344
525,3,7,2,NA,1,1.00141668319702
525,3,8,2,NA,1,1.03788375854492
525,3,9,2,NA,1,0
525,3,10,2,NA,1,1.08678364753723
525,3,11,2,NA,1,0.722102403640747
525,3,12,2,NA,1,1.43887829780579
525,3,13,2,NA,2,1.38243627548218
525,3,14,2,NA,1,0.817713260650635
525,3,15,2,NA,1,1.58245158195496
525,3,16,2,NA,1,0.931220293045044
525,3,17,2,NA,1,0.767585277557373
525,3,18,2,NA,1,0.726832389831543
525,3,19,2,NA,1,0
525,3,20,2,NA,1,0.89432954788208
525,3,21,2,NA,1,0
525,3,22,2,NA,1,1.00953435897827
525,3,23,2,NA,1,0
525,3,24,2,NA,1,1.73687648773193
525,3,25,2,NA,1,0.581482648849487
525,3,26,2,NA,1,0.697558403015137
525,3,27,2,NA,2,1.36559629440308
525,3,28,2,NA,1,0.992772817611694
525,3,29,2,NA,1,1.16504549980164
525,3,30,2,NA,1,0.756072759628296
525,3,31,2,NA,1,0
525,3,32,2,NA,1,0
525,3,33,2,NA,2,1.22410559654236
525,3,34,2,NA,1,1.07161641120911
525,3,35,2,NA,1,1.21237969398499
525,3,36,2,NA,2,1.43302512168884
525,3,37,2,NA,1,0
525,3,38,2,NA,1,0
525,3,39,2,NA,1,0.868212223052979
525,3,40,2,NA,1,0.931200504302979
525,3,41,2,NA,1,0
525,3,42,2,NA,2,1.22219729423523
525,3,43,2,NA,1,0
525,3,44,2,NA,1,0
525,3,45,2,NA,2,1.04122042655945
525,3,46,2,NA,2,0
525,3,47,2,NA,1,1.12431144714355
525,3,48,2,NA,1,0
525,3,49,2,NA,1,0.725747346878052
525,3,50,2,NA,1,0
525,3,51,2,NA,2,0
525,3,52,2,NA,1,0.693429231643677
525,3,53,2,NA,1,0
525,3,54,2,NA,1,1.02915573120117
525,3,55,2,NA,2,1.34836053848267
525,3,56,2,NA,1,0.744499921798706
525,3,57,2,NA,2,0
525,3,58,2,NA,1,0
525,3,59,2,NA,1,0
525,3,60,2,NA,1,0
525,4,1,1,0,2,0
525,4,2,1,0,2,1.44120907783508
525,4,3,1,0,2,1.59722328186035
525,4,4,1,0,2,0.961266756057739
525,4,5,1,0,2,1.74871277809143
525,4,6,1,0,2,0
525,4,7,1,0,2,0
525,4,8,1,0,1,0
525,4,9,1,0,2,1.39753150939941
525,4,10,1,0,1,0.922102212905884
525,4,11,1,0,2,1.18953943252563
525,4,12,1,0,1,0
525,4,13,1,0,2,0
525,4,14,1,0,2,0
525,4,15,1,0,2,0
525,4,16,1,0,2,0
525,4,17,1,0,1,0
525,4,18,1,0,2,0
525,4,19,1,0,2,0
525,4,20,1,0,1,0
525,4,21,1,0,2,0
525,4,22,1,0,2,0
525,4,23,1,0,1,0
525,4,24,1,0,2,0
525,4,25,1,0,2,0
525,4,26,1,0,2,0
525,4,27,1,0,2,0
525,4,28,1,0,2,0
525,4,29,1,0,2,0
525,4,30,1,0,2,0.410338401794434
525,4,31,1,0,2,0
525,4,32,1,0,2,0
525,4,33,1,0,2,0
525,4,34,1,0,2,0
525,4,35,1,0,2,0
525,4,36,1,0,1,0
525,4,37,1,0,2,1.44729018211365
525,4,38,1,0,2,0
525,4,39,1,0,2,1.25364327430725
525,4,40,1,0,2,0
525,4,41,1,0,2,0
525,4,42,1,0,1,0
525,4,43,1,0,2,0
525,4,44,1,0,2,0
525,4,45,1,0,2,0
525,4,46,1,0,1,0
525,4,47,1,0,1,1.70889854431152
525,4,48,1,0,2,0
525,4,49,1,0,2,0
525,4,50,1,0,2,0
525,4,51,1,0,1,0
525,4,52,1,0,2,0
525,4,53,1,0,2,0
525,4,54,1,0,2,0
525,4,55,1,0,2,0
525,4,56,1,0,2,0
525,4,57,1,0,1,0
525,4,58,1,0,2,0
525,4,59,1,0,2,0
525,4,60,1,0,2,0
526,1,1,2,NA,1,1.45788240432739
526,1,2,2,NA,2,1.0209321975708
526,1,3,2,NA,1,0.880718469619751
526,1,4,2,NA,1,1.15673136711121
526,1,5,2,NA,2,0.857344150543213
526,1,6,2,NA,1,0
526,1,7,2,NA,1,0.793928384780884
526,1,8,2,NA,2,1.07817029953003
526,1,9,2,NA,1,0.9214768409729
526,1,10,2,NA,2,0.797468185424805
526,1,11,2,NA,1,0.914313316345215
526,1,12,2,NA,1,0.718947649002075
526,1,13,2,NA,1,0.827614068984985
526,1,14,2,NA,1,0.643884658813477
526,1,15,2,NA,1,0.756048202514648
526,1,16,2,NA,1,0.7281334400177
526,1,17,2,NA,1,0.784004211425781
526,1,18,2,NA,1,0.892361402511597
526,1,19,2,NA,1,0.888964176177979
526,1,20,2,NA,1,0.917662382125854
526,1,21,2,NA,1,0.764286994934082
526,1,22,2,NA,2,1.28845858573914
526,1,23,2,NA,1,0.803901672363281
526,1,24,2,NA,1,0.799310445785522
526,1,25,2,NA,1,0.795370101928711
526,1,26,2,NA,2,0.974962472915649
526,1,27,2,NA,1,0.846389770507812
526,1,28,2,NA,1,0.875293493270874
526,1,29,2,NA,1,0.834110260009766
526,1,30,2,NA,1,0.776909351348877
526,1,31,2,NA,2,0.800433397293091
526,1,32,2,NA,1,0.941441297531128
526,1,33,2,NA,1,0.70960259437561
526,1,34,2,NA,1,0.713073253631592
526,1,35,2,NA,1,0.896594285964966
526,1,36,2,NA,1,0.660411596298218
526,1,37,2,NA,2,1.537029504776
526,1,38,2,NA,1,1.14134955406189
526,1,39,2,NA,1,0.728857517242432
526,1,40,2,NA,2,0.687761783599854
526,1,41,2,NA,2,0.723160266876221
526,1,42,2,NA,1,0.847788572311401
526,1,43,2,NA,1,0
526,1,44,2,NA,1,0.831993103027344
526,1,45,2,NA,1,0.699381589889526
526,1,46,2,NA,1,0.794060468673706
526,1,47,2,NA,1,0.853723526000977
526,1,48,2,NA,1,0.770386219024658
526,1,49,2,NA,1,0.7177574634552
526,1,50,2,NA,1,0.705220222473145
526,1,51,2,NA,2,0.953444480895996
526,1,52,2,NA,1,0.678096771240234
526,1,53,2,NA,1,0.777790307998657
526,1,54,2,NA,1,1.03350734710693
526,1,55,2,NA,1,0.653791666030884
526,1,56,2,NA,2,0.874351978302002
526,1,57,2,NA,1,0.709909439086914
526,1,58,2,NA,1,0.906070470809937
526,1,59,2,NA,1,0.645881652832031
526,1,60,2,NA,1,0.810451030731201
526,2,1,2,1,2,1.16495275497437
526,2,2,2,1,1,0.609693288803101
526,2,3,2,1,1,0.446323394775391
526,2,4,2,1,1,0.665715217590332
526,2,5,2,1,1,0.549038648605347
526,2,6,2,1,1,0.680604457855225
526,2,7,2,1,1,0.580541610717773
526,2,8,2,1,2,0.616023302078247
526,2,9,2,1,1,0.732086181640625
526,2,10,2,1,1,0.800482273101807
526,2,11,2,1,1,0.612770795822144
526,2,12,2,1,1,0
526,2,13,2,1,1,0.787942409515381
526,2,14,2,1,1,0.812814474105835
526,2,15,2,1,2,0.841347217559814
526,2,16,2,1,1,0.78061032295227
526,2,17,2,1,2,0.768334150314331
526,2,18,2,1,1,1.34041714668274
526,2,19,2,1,1,0.552228450775146
526,2,20,2,1,1,0.572381258010864
526,2,21,2,1,1,0.799707174301147
526,2,22,2,1,1,0.782663583755493
526,2,23,2,1,1,0
526,2,24,2,1,1,0.678210258483887
526,2,25,2,1,1,0.826947689056396
526,2,26,2,1,2,0.678468227386475
526,2,27,2,1,1,0.579003810882568
526,2,28,2,1,1,0.671245336532593
526,2,29,2,1,1,0.814079523086548
526,2,30,2,1,1,0.673663139343262
526,2,31,2,1,2,0
526,2,32,2,1,2,1.13841152191162
526,2,33,2,1,1,0.816333770751953
526,2,34,2,1,1,0.587859630584717
526,2,35,2,1,2,0.69589638710022
526,2,36,2,1,1,0.716586589813232
526,2,37,2,1,1,1.0971314907074
526,2,38,2,1,1,0.764670610427856
526,2,39,2,1,1,0.817968606948853
526,2,40,2,1,1,1.04600405693054
526,2,41,2,1,2,0.817941427230835
526,2,42,2,1,2,1.92685174942017
526,2,43,2,1,2,0.840141296386719
526,2,44,2,1,1,0.971365690231323
526,2,45,2,1,1,0.687808275222778
526,2,46,2,1,1,0.747607946395874
526,2,47,2,1,1,0.608031272888184
526,2,48,2,1,1,0.843970537185669
526,2,49,2,1,1,0.848679304122925
526,2,50,2,1,1,0.540563106536865
526,2,51,2,1,2,0.685244083404541
526,2,52,2,1,1,0.71389627456665
526,2,53,2,1,1,0
526,2,54,2,1,1,1.25048542022705
526,2,55,2,1,1,0.573913335800171
526,2,56,2,1,1,0.842528343200684
526,2,57,2,1,1,0.695301294326782
526,2,58,2,1,1,0.595984935760498
526,2,59,2,1,1,0.575880289077759
526,2,60,2,1,1,0.730059385299683
526,3,1,2,NA,2,0.810501575469971
526,3,2,2,NA,1,0.727449178695679
526,3,3,2,NA,1,0.746860504150391
526,3,4,2,NA,1,0.854831695556641
526,3,5,2,NA,1,0.891565561294556
526,3,6,2,NA,1,0.94369649887085
526,3,7,2,NA,2,0.851641416549683
526,3,8,2,NA,1,1.31224536895752
526,3,9,2,NA,1,0.677019596099854
526,3,10,2,NA,1,0.664470911026001
526,3,11,2,NA,1,0.725192546844482
526,3,12,2,NA,1,0.76844596862793
526,3,13,2,NA,1,0.812467336654663
526,3,14,2,NA,1,0.759650230407715
526,3,15,2,NA,1,0.774663209915161
526,3,16,2,NA,1,0.907004356384277
526,3,17,2,NA,1,0.695017576217651
526,3,18,2,NA,2,1.3271222114563
526,3,19,2,NA,2,0.891255855560303
526,3,20,2,NA,1,0.783673524856567
526,3,21,2,NA,1,0.872139692306519
526,3,22,2,NA,1,0.932651996612549
526,3,23,2,NA,1,0.716452121734619
526,3,24,2,NA,1,0.68048357963562
526,3,25,2,NA,2,0.983963489532471
526,3,26,2,NA,2,0.903597593307495
526,3,27,2,NA,2,0.734528303146362
526,3,28,2,NA,2,0.782551765441895
526,3,29,2,NA,1,0.594789981842041
526,3,30,2,NA,1,0.727296113967896
526,3,31,2,NA,2,0.938938617706299
526,3,32,2,NA,1,0.814370393753052
526,3,33,2,NA,1,0.842982292175293
526,3,34,2,NA,2,1.21458840370178
526,3,35,2,NA,1,0.770827531814575
526,3,36,2,NA,1,1.03435230255127
526,3,37,2,NA,1,0.773775339126587
526,3,38,2,NA,1,0.682764053344727
526,3,39,2,NA,1,0.83888840675354
526,3,40,2,NA,1,0.722105264663696
526,3,41,2,NA,1,0.845770359039307
526,3,42,2,NA,1,0.612675905227661
526,3,43,2,NA,1,0.77991771697998
526,3,44,2,NA,1,1.23968744277954
526,3,45,2,NA,1,0.796094417572021
526,3,46,2,NA,1,0.680347681045532
526,3,47,2,NA,1,0.804239273071289
526,3,48,2,NA,1,0.927825689315796
526,3,49,2,NA,1,0.78042721748352
526,3,50,2,NA,2,1.20117473602295
526,3,51,2,NA,1,0.516628503799438
526,3,52,2,NA,1,0.868101358413696
526,3,53,2,NA,1,0.920871496200562
526,3,54,2,NA,2,0.961028814315796
526,3,55,2,NA,1,0.98046350479126
526,3,56,2,NA,1,0.736498594284058
526,3,57,2,NA,1,0.783148288726807
526,3,58,2,NA,1,0.628117322921753
526,3,59,2,NA,1,0.67215633392334
526,3,60,2,NA,1,0.61485767364502
526,4,1,1,0,2,1.24862837791443
526,4,2,1,0,1,0.579838275909424
526,4,3,1,0,2,0.920072555541992
526,4,4,1,0,2,0.835912466049194
526,4,5,1,0,2,0
526,4,6,1,0,2,1.11733722686768
526,4,7,1,0,2,0.672682523727417
526,4,8,1,0,2,0.645621299743652
526,4,9,1,0,2,0.681573629379272
526,4,10,1,0,2,0.646169185638428
526,4,11,1,0,2,1.00937533378601
526,4,12,1,0,2,0.84467339515686
526,4,13,1,0,2,0.712494611740112
526,4,14,1,0,1,0.644024848937988
526,4,15,1,0,2,0.828155755996704
526,4,16,1,0,1,0.513635158538818
526,4,17,1,0,2,0.741025447845459
526,4,18,1,0,2,0.617099285125732
526,4,19,1,0,2,1.013432264328
526,4,20,1,0,2,0.847143173217773
526,4,21,1,0,2,1.58713507652283
526,4,22,1,0,1,0.918959140777588
526,4,23,1,0,2,0.635257244110107
526,4,24,1,0,1,0.711408138275146
526,4,25,1,0,2,0.979249477386475
526,4,26,1,0,2,0.611860275268555
526,4,27,1,0,2,0.896536588668823
526,4,28,1,0,1,0.932540655136108
526,4,29,1,0,2,0.689260721206665
526,4,30,1,0,2,0.740665197372437
526,4,31,1,0,1,0.876689434051514
526,4,32,1,0,2,0.596056222915649
526,4,33,1,0,2,0.912028551101685
526,4,34,1,0,2,0.824692010879517
526,4,35,1,0,2,0.656269311904907
526,4,36,1,0,1,0.86778736114502
526,4,37,1,0,2,0.961229085922241
526,4,38,1,0,1,1.0923433303833
526,4,39,1,0,2,0.943854570388794
526,4,40,1,0,2,0.853023529052734
526,4,41,1,0,2,0.520044565200806
526,4,42,1,0,2,0.651727199554443
526,4,43,1,0,2,0.695305585861206
526,4,44,1,0,2,0.884648561477661
526,4,45,1,0,2,0.704573392868042
526,4,46,1,0,2,0.604563474655151
526,4,47,1,0,2,0.849397420883179
526,4,48,1,0,1,0.854054689407349
526,4,49,1,0,2,1.05039858818054
526,4,50,1,0,2,0.726091384887695
526,4,51,1,0,2,1.194739818573
526,4,52,1,0,2,1.1440544128418
526,4,53,1,0,2,0.699628591537476
526,4,54,1,0,2,0.671687126159668
526,4,55,1,0,2,0.675767660140991
526,4,56,1,0,2,0.839179754257202
526,4,57,1,0,1,0.651192665100098
526,4,58,1,0,2,0.83985161781311
526,4,59,1,0,2,0.753625392913818
526,4,60,1,0,1,0.932800769805908
529,1,1,1,NA,2,1.4812388420105
529,1,2,1,NA,1,0.797022581100464
529,1,3,1,NA,2,0.737872838973999
529,1,4,1,NA,2,0.694591283798218
529,1,5,1,NA,2,1.49803853034973
529,1,6,1,NA,2,0.981568098068237
529,1,7,1,NA,2,1.20149827003479
529,1,8,1,NA,2,0.733657360076904
529,1,9,1,NA,2,0.968929529190063
529,1,10,1,NA,2,0.909018516540527
529,1,11,1,NA,2,0.976678609848022
529,1,12,1,NA,2,1.58042192459106
529,1,13,1,NA,2,0
529,1,14,1,NA,1,1.1644823551178
529,1,15,1,NA,2,1.08913040161133
529,1,16,1,NA,2,1.08911299705505
529,1,17,1,NA,2,0.9282546043396
529,1,18,1,NA,2,1.19642353057861
529,1,19,1,NA,2,0.960588455200195
529,1,20,1,NA,1,1.60442233085632
529,1,21,1,NA,2,1.19319915771484
529,1,22,1,NA,2,1.45321774482727
529,1,23,1,NA,1,1.04460263252258
529,1,24,1,NA,2,1.20143866539001
529,1,25,1,NA,1,1.00913166999817
529,1,26,1,NA,2,1.68560242652893
529,1,27,1,NA,2,0.889803409576416
529,1,28,1,NA,2,1.29724550247192
529,1,29,1,NA,2,0.87288761138916
529,1,30,1,NA,2,0.852331876754761
529,1,31,1,NA,1,0.955315828323364
529,1,32,1,NA,2,1.8306086063385
529,1,33,1,NA,2,1.04982328414917
529,1,34,1,NA,1,0.957271575927734
529,1,35,1,NA,2,1.2566454410553
529,1,36,1,NA,2,1.10841798782349
529,1,37,1,NA,1,0
529,1,38,1,NA,1,1.23310708999634
529,1,39,1,NA,1,0.702019691467285
529,1,40,1,NA,2,0.890625
529,1,41,1,NA,2,0.878106355667114
529,1,42,1,NA,1,1.0504584312439
529,1,43,1,NA,2,0.959437608718872
529,1,44,1,NA,2,1.17144441604614
529,1,45,1,NA,2,0.951558351516724
529,1,46,1,NA,2,1.33077526092529
529,1,47,1,NA,2,1.49093055725098
529,1,48,1,NA,2,0.36992359161377
529,1,49,1,NA,2,1.02111506462097
529,1,50,1,NA,2,1.23405957221985
529,1,51,1,NA,2,1.25502490997314
529,1,52,1,NA,2,1.12212753295898
529,1,53,1,NA,1,0.845539331436157
529,1,54,1,NA,2,0
529,1,55,1,NA,2,1.03716254234314
529,1,56,1,NA,2,1.66453552246094
529,1,57,1,NA,2,0
529,1,58,1,NA,2,0.888311147689819
529,1,59,1,NA,2,1.0771324634552
529,1,60,1,NA,2,1.12490296363831
529,2,1,2,0,1,1.95437145233154
529,2,2,2,0,1,1.97493076324463
529,2,3,2,0,1,1.8355815410614
529,2,4,2,0,1,1.86299729347229
529,2,5,2,0,1,0.674442291259766
529,2,6,2,0,2,1.54982113838196
529,2,7,2,0,2,1.22603940963745
529,2,8,2,0,1,1.0303692817688
529,2,9,2,0,1,1.19413733482361
529,2,10,2,0,1,1.16593146324158
529,2,11,2,0,1,1.68158841133118
529,2,12,2,0,2,0.917559623718262
529,2,13,2,0,1,1.37097334861755
529,2,14,2,0,1,1.10343933105469
529,2,15,2,0,2,0
529,2,16,2,0,1,1.31594252586365
529,2,17,2,0,1,0.888720512390137
529,2,18,2,0,1,1.06132364273071
529,2,19,2,0,1,0.889294624328613
529,2,20,2,0,2,1.30990171432495
529,2,21,2,0,1,0
529,2,22,2,0,2,0
529,2,23,2,0,1,1.03914904594421
529,2,24,2,0,1,1.21083068847656
529,2,25,2,0,1,1.33539152145386
529,2,26,2,0,1,1.23483633995056
529,2,27,2,0,1,1.02197337150574
529,2,28,2,0,1,0.826155662536621
529,2,29,2,0,1,1.0168993473053
529,2,30,2,0,1,0.861107110977173
529,2,31,2,0,1,1.10504937171936
529,2,32,2,0,1,1.18775320053101
529,2,33,2,0,2,1.12711215019226
529,2,34,2,0,1,0.674550294876099
529,2,35,2,0,1,0.975278377532959
529,2,36,2,0,2,1.1946702003479
529,2,37,2,0,1,1.00694727897644
529,2,38,2,0,1,0.816829681396484
529,2,39,2,0,1,0.820991277694702
529,2,40,2,0,1,1.07973575592041
529,2,41,2,0,2,1.0598087310791
529,2,42,2,0,1,1.58325242996216
529,2,43,2,0,1,1.09033513069153
529,2,44,2,0,1,0.846991062164307
529,2,45,2,0,1,0.979080200195312
529,2,46,2,0,1,0.699540376663208
529,2,47,2,0,2,1.92819833755493
529,2,48,2,0,1,0.827436447143555
529,2,49,2,0,1,0.854151487350464
529,2,50,2,0,1,0.707979440689087
529,2,51,2,0,1,0.687442302703857
529,2,52,2,0,1,0.658808708190918
529,2,53,2,0,2,1.36610817909241
529,2,54,2,0,2,1.24476003646851
529,2,55,2,0,1,1.01703453063965
529,2,56,2,0,1,0.581263303756714
529,2,57,2,0,1,0.449592351913452
529,2,58,2,0,1,0.909521579742432
529,2,59,2,0,1,1.20167446136475
529,2,60,2,0,1,0.941640377044678
529,3,1,2,NA,2,1.66298389434814
529,3,2,2,NA,1,0.73904824256897
529,3,3,2,NA,1,0.742563247680664
529,3,4,2,NA,2,0.994572162628174
529,3,5,2,NA,2,1.37455892562866
529,3,6,2,NA,2,1.35523009300232
529,3,7,2,NA,1,1.64788746833801
529,3,8,2,NA,1,0.827983617782593
529,3,9,2,NA,1,0.94356632232666
529,3,10,2,NA,1,0.939629554748535
529,3,11,2,NA,1,0.76009202003479
529,3,12,2,NA,1,0.804137468338013
529,3,13,2,NA,1,0.879648447036743
529,3,14,2,NA,1,0.862477540969849
529,3,15,2,NA,1,0.938636779785156
529,3,16,2,NA,2,1.24965310096741
529,3,17,2,NA,1,0.782002449035645
529,3,18,2,NA,1,0.690337657928467
529,3,19,2,NA,1,0.671034574508667
529,3,20,2,NA,1,0.834379434585571
529,3,21,2,NA,1,1.08701086044312
529,3,22,2,NA,1,0.974655389785767
529,3,23,2,NA,1,0
529,3,24,2,NA,1,0.794720411300659
529,3,25,2,NA,1,0.855605125427246
529,3,26,2,NA,2,1.39567232131958
529,3,27,2,NA,1,0.679086446762085
529,3,28,2,NA,1,0.762757539749146
529,3,29,2,NA,1,0.871060371398926
529,3,30,2,NA,1,1.11450529098511
529,3,31,2,NA,1,0.769172668457031
529,3,32,2,NA,1,1.1418604850769
529,3,33,2,NA,1,0.930842876434326
529,3,34,2,NA,1,0.68690037727356
529,3,35,2,NA,2,0.795412540435791
529,3,36,2,NA,1,1.0789008140564
529,3,37,2,NA,1,0.874306201934814
529,3,38,2,NA,1,0.849952459335327
529,3,39,2,NA,1,1.5534245967865
529,3,40,2,NA,1,0.837658166885376
529,3,41,2,NA,1,0.749878406524658
529,3,42,2,NA,1,0.698431491851807
529,3,43,2,NA,1,0.623234272003174
529,3,44,2,NA,1,0.750210046768188
529,3,45,2,NA,1,1.16513562202454
529,3,46,2,NA,2,1.68055129051208
529,3,47,2,NA,1,0.859765291213989
529,3,48,2,NA,1,0.714788436889648
529,3,49,2,NA,1,0.686873435974121
529,3,50,2,NA,1,0.779322862625122
529,3,51,2,NA,2,1.34781312942505
529,3,52,2,NA,1,1.32714819908142
529,3,53,2,NA,1,0.874560356140137
529,3,54,2,NA,1,0.783056259155273
529,3,55,2,NA,1,0.662936925888062
529,3,56,2,NA,2,1.08288598060608
529,3,57,2,NA,2,0.950408458709717
529,3,58,2,NA,1,1.05443000793457
529,3,59,2,NA,1,0.790595531463623
529,3,60,2,NA,2,0.771095275878906
529,4,1,2,1,1,0.531834363937378
529,4,2,2,1,2,1.03940343856812
529,4,3,2,1,1,0.706972360610962
529,4,4,2,1,1,0.759117603302002
529,4,5,2,1,1,0.747113227844238
529,4,6,2,1,1,0.75983738899231
529,4,7,2,1,2,1.1724362373352
529,4,8,2,1,1,0.663971424102783
529,4,9,2,1,1,0.740489482879639
529,4,10,2,1,1,0.689205169677734
529,4,11,2,1,1,0.56556224822998
529,4,12,2,1,2,1.02561450004578
529,4,13,2,1,1,0.861928224563599
529,4,14,2,1,1,1.10657429695129
529,4,15,2,1,1,0.936725616455078
529,4,16,2,1,2,0
529,4,17,2,1,1,1.34781217575073
529,4,18,2,1,1,0.879286050796509
529,4,19,2,1,1,0.883468151092529
529,4,20,2,1,1,0.9210205078125
529,4,21,2,1,1,0.76530933380127
529,4,22,2,1,1,0.568953514099121
529,4,23,2,1,2,1.62595963478088
529,4,24,2,1,1,1.26992321014404
529,4,25,2,1,1,0.657742500305176
529,4,26,2,1,1,0
529,4,27,2,1,1,0.731085300445557
529,4,28,2,1,1,0.740638494491577
529,4,29,2,1,2,0.903952121734619
529,4,30,2,1,1,0.940141677856445
529,4,31,2,1,1,0.831481456756592
529,4,32,2,1,2,0
529,4,33,2,1,1,1.34759616851807
529,4,34,2,1,2,0.792229413986206
529,4,35,2,1,1,0.859941005706787
529,4,36,2,1,1,0.880510330200195
529,4,37,2,1,1,0.676000595092773
529,4,38,2,1,1,0.727418661117554
529,4,39,2,1,1,0.778498411178589
529,4,40,2,1,1,0.61717700958252
529,4,41,2,1,1,0.500760316848755
529,4,42,2,1,1,0.496173858642578
529,4,43,2,1,1,0.932913541793823
529,4,44,2,1,1,0.777718782424927
529,4,45,2,1,2,0.709441900253296
529,4,46,2,1,1,0.658100366592407
529,4,47,2,1,1,0.831260681152344
529,4,48,2,1,1,1.28320145606995
529,4,49,2,1,1,0
529,4,50,2,1,1,1.08485746383667
529,4,51,2,1,1,0.664799451828003
529,4,52,2,1,1,0.996914386749268
529,4,53,2,1,2,0.640944480895996
529,4,54,2,1,2,1.50168895721436
529,4,55,2,1,1,0.66562557220459
529,4,56,2,1,1,0.822188377380371
529,4,57,2,1,1,0.81084942817688
529,4,58,2,1,2,1.3212034702301
529,4,59,2,1,1,0.761073589324951
529,4,60,2,1,1,0.725486993789673
